BFY,Appr,Neighborhood Council,Date,Description,Vendor Name,Spending Category,Task,Expenditure
2014,471067,Arleta,07/22/2013 12:00:00 AM,ANC-Temporary StaffP I. SANDOVAL W/E 4/21,Partners In Diversity Inc,Operations,Temporary Administrative Staff,$150.15
2014,471067,Arleta,07/22/2013 12:00:00 AM,ANC-Temporary StaffP I. SANDOVAL & A. JIMENEZ W/E 4/28,Partners In Diversity Inc,Operations,Temporary Administrative Staff,$134.64
2014,471067,Arleta,07/25/2013 12:00:00 AM,ANC-Temporary StaffP I. SANDOVAL & A. JIMENEZ W/E 6/23,Partners In Diversity Inc,Operations,Temporary Administrative Staff,$215.49
2014,471067,Arleta,07/25/2013 12:00:00 AM,ANC-Temporary StaffP I. SANDOVAL W/E 6/16,Partners In Diversity Inc,Operations,Temporary Administrative Staff,$80.85
2014,471067,Arleta,09/17/2013 12:00:00 AM,"ANC-MTG SPACE FOR 8/20/13, 9/17/13 & 10/15/13",Los Angelectionss Unified School District,Operations,Facilities,$357.48
2014,471040,Arroyo Seco,07/10/2013 12:00:00 AM,W/C MANQIN 9781490-ASNC-US BANK PYMT CYCLE 05/22/13 - 06/21/13,Treasury-city Of Los Angelectionss (us Bank),Operations,P-Card Purchases,$3356.04
2014,471040,Arroyo Seco,07/22/2013 12:00:00 AM,ASNC-TRANSLATION FOR MTG 6/11/13,Continental Interpreting Services Inc,Operations,Translations,$225.00
2014,471040,Arroyo Seco,07/26/2013 12:00:00 AM,ASNC-STORAGE FOR 8/1/13-8/31/13,Public Storage Inc Et Al,Operations,Facilities,$68.00
2014,471040,Arroyo Seco,08/30/2013 12:00:00 AM,W/C MANQIN 9781490-ASNC-US BANK PYMT CYCLE 07/23/13 - 08/21/13,Treasury-city Of Los Angelectionss (us Bank),Operations,P-Card Purchases,$134.00
2013,471040,Arroyo Seco,07/26/2013 12:00:00 AM,ASNC-MONTECITO HEIGHTS Park&Rec-INV#051013ASNC,Department Of Recreation And Parks,Outreach,Events,$1433.08
2013,471040,Arroyo Seco,07/26/2013 12:00:00 AM,ASNC-RamonaHallCommunityCenter-05/10/13 INV#051013ASNC,Department Of Recreation And Parks,Outreach,Events,$1644.72
2013,471074,Atwater Village,07/03/2013 12:00:00 AM,DWP lighting FOR 2932 GLEN HURST AVE.2/14/13-3/18/13,Department Of Water And Power,Operations,Utilities,$16.50
2013,471074,Atwater Village,07/03/2013 12:00:00 AM,DWP lighting FOR 2932 GLEN HURST AVE.3/18/13-4/16/13,Department Of Water And Power,Operations,Utilities,$16.50
2013,471074,Atwater Village,07/03/2013 12:00:00 AM,DWP lighting FOR 2932 GLEN HURST AVE.4/16/13-5/15/13,Department Of Water And Power,Operations,Utilities,$16.50
2014,471074,Atwater Village,07/11/2013 12:00:00 AM,AVNC-ADM-D.LEVIN-6/15/2013-CUST#00950101,Howroyd Wright Employment Agency Inc (apple One),Operations,Temporary Administrative Staff,$167.48
2014,471074,Atwater Village,07/22/2013 12:00:00 AM,AVNC-STORAGE FOR JULY 2013,Extra Space Of Casitas Llc,Operations,Facilities,$225.00
2014,471074,Atwater Village,08/05/2013 12:00:00 AM,W/C MANQIN 9781490-AVNC-US BANK PYMT CYCLE 06/22/13 - 07/22/13,Treasury-city Of Los Angelectionss (us Bank),Operations,P-Card Purchases,$701.83
2014,471074,Atwater Village,08/15/2013 12:00:00 AM,AVNC-COMMUNITY LIGHTING PROGRAM #751091-321985- 6/14/13-7/16/13,Department Of Water And Power,Operations,Utilities,$0.00
2014,471074,Atwater Village,08/23/2013 12:00:00 AM,AVNC-Temporary StaffP SERV.-W/E 7/13/13- D.LEVIN,Howroyd Wright Employment Agency Inc (apple One),Operations,Temporary Administrative Staff,$155.93
2014,471074,Atwater Village,08/30/2013 12:00:00 AM,W/C MANQIN 9781490-AVNC-US BANK PYMT CYCLE 07/23/13 - 08/21/13,Treasury-city Of Los Angelectionss (us Bank),Operations,P-Card Purchases,$849.09
2014,471074,Atwater Village,09/05/2013 12:00:00 AM,AVNC-DWP-07/16/13-08/14/2013-ACCT#751091-321985,Department Of Water And Power,Operations,Utilities,$0.00
2014,471074,Atwater Village,09/06/2013 12:00:00 AM,AVNC-STORAGE FOR AUGUST 2013,Extra Space Of Casitas Llc,Operations,Facilities,$225.00
2014,471074,Atwater Village,10/04/2013 12:00:00 AM,AVNC-STORAGE FOR SEPTemporary StaffBER 2013,Extra Space Of Casitas Llc,Operations,Facilities,$225.00
2014,471074,Atwater Village,08/15/2013 12:00:00 AM,AVNC-COMMUNITY LIGHTING PROGRAM #751091-321985- 6/14/13-7/16/13,Department Of Water And Power,Outreach,Utilities,$16.50
2014,471074,Atwater Village,09/05/2013 12:00:00 AM,AVNC-DWP-07/16/13-08/14/2013-ACCT#751091-321985,Department Of Water And Power,Outreach,Utilities,$16.50
2013,471052,Bel Air-Beverly Crest,07/03/2013 12:00:00 AM,BABCNC-DEPLOYMENT OF TRAFFIC CONTROL @ WONDERLAND AVE ElectionsM 4 YR  2013-2014 INV. 2013-BABCNC-01,Department Of Transportation,Community Improvement Projects,Community Service,$6000.00
2014,471052,Bel Air-Beverly Crest,07/10/2013 12:00:00 AM,W/C MANQIN 9781490-BABCNC-US BANK PYMT CYCLE 05/22/13 - 06/21/13,Treasury-city Of Los Angelectionss (us Bank),Operations,P-Card Purchases,$1425.14
2014,471052,Bel Air-Beverly Crest,07/26/2013 12:00:00 AM,BABCNC-Temporary StaffP SERV. W/E 6/9/12,Lloyd Staffing,Operations,Temporary Administrative Staff,$772.20
2014,471052,Bel Air-Beverly Crest,07/26/2013 12:00:00 AM,BABCNC-Temporary StaffP SERV. W/E 5/12/13,Lloyd Staffing,Operations,Temporary Administrative Staff,$617.76
2014,471052,Bel Air-Beverly Crest,07/26/2013 12:00:00 AM,BABCNC-Temporary StaffP SERV. W/E 5/19/13,Lloyd Staffing,Operations,Temporary Administrative Staff,$308.88
2014,471052,Bel Air-Beverly Crest,07/26/2013 12:00:00 AM,BABCNC-Temporary StaffP SERV. W/E 5/26/13,Lloyd Staffing,Operations,Temporary Administrative Staff,$386.10
2014,471052,Bel Air-Beverly Crest,08/30/2013 12:00:00 AM,W/C MANQIN 9781490-BABCNC-US BANK PYMT CYCLE 07/23/13 - 08/21/13,Treasury-city Of Los Angelectionss (us Bank),Operations,P-Card Purchases,$1110.00
2014,471038,Boyle Heights,07/17/2013 12:00:00 AM,BHNC-TRANSLATION FOR MTG 6/26/13,Continental Interpreting Services Inc,Operations,Translations,$275.00
2014,471038,Boyle Heights,08/30/2013 12:00:00 AM,W/C MANQIN 9781490-BHNC-US BANK PYMT CYCLE 07/23/13 - 08/21/13,Treasury-city Of Los Angelectionss (us Bank),Operations,P-Card Purchases,$116.99
2014,471038,Boyle Heights,10/01/2013 12:00:00 AM,BHNC-Website SITE MAINTENANCE JULY 2013-SEPTemporary StaffBER 2013,Aaron Devandry,Operations,Website,$600.00
2014,471077,CANNDU,08/05/2013 12:00:00 AM,W/C MANQIN 9781490-CANNDU-US BANK PYMT CYCLE 06/22/13 - 07/22/13,Treasury-city Of Los Angelectionss (us Bank),Operations,P-Card Purchases,$72.95
2014,471077,CANNDU,08/30/2013 12:00:00 AM,W/C MANQIN 9781490-CANNDU-US BANK PYMT CYCLE 07/23/13 - 08/21/13,Treasury-city Of Los Angelectionss (us Bank),Operations,P-Card Purchases,$53.96
2014,471048,Canoga Park,08/05/2013 12:00:00 AM,W/C MANQIN 9781490-CPNC-US BANK PYMT CYCLE 06/22/13 - 07/22/13,Treasury-city Of Los Angelectionss (us Bank),Operations,P-Card Purchases,$27.74
2014,471093,Central Alameda,08/05/2013 12:00:00 AM,W/C MANQIN 9781490-CANC-US BANK PYMT CYCLE 06/22/13 - 07/22/13,Treasury-city Of Los Angelectionss (us Bank),Operations,P-Card Purchases,$799.49
2014,471093,Central Alameda,08/30/2013 12:00:00 AM,W/C MANQIN 9781490-CANC-US BANK PYMT CYCLE 07/23/13 - 08/21/13,Treasury-city Of Los Angelectionss (us Bank),Operations,P-Card Purchases,$173.46
2014,471031,Central Hollywood,09/17/2013 12:00:00 AM,CHNC-NPG-28TH ANNUAL CHILDREN'S FESTIVAL 8/11/13,Hollywood Arts Council,Neighborhood Purpose Grants,Non Profit,$2000.00
2014,471031,Central Hollywood,08/05/2013 12:00:00 AM,W/C MANQIN 9781490-CHNC-US BANK PYMT CYCLE 06/22/13 - 07/22/13,Treasury-city Of Los Angelectionss (us Bank),Operations,P-Card Purchases,$2200.44
2014,471031,Central Hollywood,08/05/2013 12:00:00 AM,CHNC-Los Angeles Unified School DistrictrieGolman-REIM-07/17/13,"Goldman, Los Angeles Unified School Districtrie",Operations,Website,$299.19
2014,471031,Central Hollywood,08/07/2013 12:00:00 AM,CHNC-Temporary StaffP SERV. W/E 7/14/13-L. LEE,Partners In Diversity Inc,Operations,Temporary Administrative Staff,$371.28
2014,471031,Central Hollywood,08/07/2013 12:00:00 AM,CHNC-Temporary StaffP SERV. W/E 7/7/13-L. LEE,Partners In Diversity Inc,Operations,Temporary Administrative Staff,$285.60
2014,471031,Central Hollywood,08/07/2013 12:00:00 AM,CHNC-Temporary StaffP SERV. W/E 7/21/13-L. LEE,Partners In Diversity Inc,Operations,Temporary Administrative Staff,$285.60
2014,471031,Central Hollywood,08/07/2013 12:00:00 AM,CHNC-Temporary StaffP SERV. W/E 7/2813-L. LEE,Partners In Diversity Inc,Operations,Temporary Administrative Staff,$485.52
2014,471031,Central Hollywood,08/23/2013 12:00:00 AM,CHNC-Temporary StaffP SERV. W/E 8/4/13-L. LEE,Partners In Diversity Inc,Operations,Temporary Administrative Staff,$542.64
2014,471031,Central Hollywood,08/29/2013 12:00:00 AM,CHNC-Temporary StaffP SERV. W/E 8/11/13-L. LEE,Partners In Diversity Inc,Operations,Temporary Administrative Staff,$428.40
2014,471031,Central Hollywood,08/29/2013 12:00:00 AM,CHNC-Temporary StaffP SERV. W/E 8/18/13-L. LEE,Partners In Diversity Inc,Operations,Temporary Administrative Staff,$456.96
2014,471031,Central Hollywood,08/30/2013 12:00:00 AM,W/C MANQIN 9781490-CHNC-US BANK PYMT CYCLE 07/23/13 - 08/21/13,Treasury-city Of Los Angelectionss (us Bank),Operations,P-Card Purchases,$147.16
2014,471031,Central Hollywood,09/03/2013 12:00:00 AM,CHNC-REIMB. FOR Website SERVICES 5/2013-6/2013,Scott Campbell,Operations,Website,$45.00
2014,471031,Central Hollywood,10/01/2013 12:00:00 AM,CHNC-Temporary StaffP SERVICES-W/E 8/25/13 L.LEE,Partners In Diversity Inc,Operations,Temporary Administrative Staff,$514.08
2014,471031,Central Hollywood,10/01/2013 12:00:00 AM,CHNC-Temporary StaffP SERV. W/E 9/1/13-L. LEE,Partners In Diversity Inc,Operations,Temporary Administrative Staff,$428.40
2014,471031,Central Hollywood,10/01/2013 12:00:00 AM,CHNC-Temporary StaffP SERVICES-W/E 9/8/13-LINDA LEE,Partners In Diversity Inc,Operations,Temporary Administrative Staff,$428.40
2014,471011,Central San Pedro,07/22/2013 12:00:00 AM,"CESPNC-RECORD KEEPING, Website UPDATES & MONITORING JULY2013",Kristina Smith,Operations,Website,$520.00
2014,471011,Central San Pedro,08/05/2013 12:00:00 AM,W/C MANQIN 9781490-CESPNC-US BANK PYMT CYCLE 06/22/13 - 07/22/13,Treasury-city Of Los Angelectionss (us Bank),Operations,P-Card Purchases,$350.00
2014,471011,Central San Pedro,08/07/2013 12:00:00 AM,CESPNC-REIMB. F. ANDERSON MTG EXPENSE NOV-APrintingL,Frank Anderson,Operations,Meeting,$70.65
2014,471011,Central San Pedro,08/30/2013 12:00:00 AM,W/C MANQIN 9781490-CESPNC-US BANK PYMT CYCLE 07/23/13 - 08/21/13,Treasury-city Of Los Angelectionss (us Bank),Operations,P-Card Purchases,$950.39
2014,471081,Chatsworth,10/01/2013 12:00:00 AM,CHANC-CRIME PREventsNTION TOOLS FOR THE COMMUNITY POLICING,Devonshire Is S O L I D,Neighborhood Purpose Grants,Non Profit,$250.00
2014,471081,Chatsworth,08/05/2013 12:00:00 AM,W/C MANQIN 9781490-CHANC-US BANK PYMT CYCLE 06/22/13 - 07/22/13,Treasury-city Of Los Angelectionss (us Bank),Operations,P-Card Purchases,$194.25
2014,471081,Chatsworth,08/30/2013 12:00:00 AM,W/C MANQIN 9781490-CHANC-US BANK PYMT CYCLE 07/23/13 - 08/21/13,Treasury-city Of Los Angelectionss (us Bank),Operations,P-Card Purchases,$159.27
2014,471002,Coastal San Pedro,08/05/2013 12:00:00 AM,W/C MANQIN 9781490-COSPNC-US BANK PYMT CYCLE 06/22/13 - 07/22/13,Treasury-city Of Los Angelectionss (us Bank),Operations,P-Card Purchases,$1479.73
2014,471002,Coastal San Pedro,08/29/2013 12:00:00 AM,COSPNC-VIRTUAL Office SuppliesICE SERVICES FOR 6/2013-7/2013,Kristina Smith,Operations,Office Supplies,$390.00
2014,471002,Coastal San Pedro,08/30/2013 12:00:00 AM,W/C MANQIN 9781490-COSPNC-US BANK PYMT CYCLE 07/23/13 - 08/21/13,Treasury-city Of Los Angelectionss (us Bank),Operations,P-Card Purchases,$1350.76
2014,471003,Coastal San Pedro,07/10/2013 12:00:00 AM,W/C MANQIN 9781490-GPNC-US BANK PYMT CYCLE 05/22/13 - 06/21/13,Treasury-city Of Los Angelectionss (us Bank),Operations,P-Card Purchases,$3175.85
2014,471091,Del Rey,08/19/2013 12:00:00 AM,DRNC-PlayaBoosterClub-04/20/13,Boostr Club Of Playa Del Rey,Neighborhood Purpose Grants,Non Profit,$500.00
2014,471091,Del Rey,08/29/2013 12:00:00 AM,DRNC-BoysandGirlsClub-MarVista-05/10/13,Boys & Girls Club Of Sm,Neighborhood Purpose Grants,Non Profit,$263.13
2014,471091,Del Rey,07/11/2013 12:00:00 AM,DRNC-ADM-B.REIMERS-06/08/13-06/22/13-CUST#00950101,Howroyd Wright Employment Agency Inc (apple One),Operations,Temporary Administrative Staff,$51.98
2014,471091,Del Rey,08/05/2013 12:00:00 AM,W/C MANQIN 9781490-DRNC-US BANK PYMT CYCLE 06/22/13 - 07/22/13,Treasury-city Of Los Angelectionss (us Bank),Operations,P-Card Purchases,$86.91
2014,471091,Del Rey,08/23/2013 12:00:00 AM,DRNC-Temporary StaffP SERV W/E.7/13/13- S.B. REIMERS,Howroyd Wright Employment Agency Inc (apple One),Operations,Temporary Administrative Staff,$34.65
2014,471091,Del Rey,08/30/2013 12:00:00 AM,W/C MANQIN 9781490-DRNC-US BANK PYMT CYCLE 07/23/13 - 08/21/13,Treasury-city Of Los Angelectionss (us Bank),Operations,P-Card Purchases,$86.08
2013,471028,Downtown LA,10/01/2013 12:00:00 AM,"DLANC-Tree Maintenance of Alemada Corridor, 5/1/13-6/30/13",Los Angelectionss Conservation Corps Inc,Community Improvement Projects,Beautification Projects,$817.00
2014,471028,Downtown LA,10/01/2013 12:00:00 AM,"DLANC-Tree Maintenance of Alemada Corridor, 7/1/13-4/30/13",Los Angelectionss Conservation Corps Inc,Community Improvement Projects,Beautification Projects,$4083.00
2014,471028,Downtown LA,08/19/2013 12:00:00 AM,RICOH AMERICAS CORPORATION,Ricoh Americas Corporation,Operations,Office Supplies,$0.00
2014,471028,Downtown LA,08/23/2013 12:00:00 AM,RICOH AMERICAS CORPORATION,Ricoh Americas Corporation,Operations,Office Supplies,$46.16
2014,471028,Downtown LA,08/23/2013 12:00:00 AM,RICOH AMERICAS CORPORATION,Ricoh Americas Corporation,Operations,Office Supplies,$0.00
2014,471028,Downtown LA,08/28/2013 12:00:00 AM,RICOH AMERICAS CORPORATION,Ricoh Americas Corporation,Operations,Office Supplies,$0.00
2014,471028,Downtown LA,08/30/2013 12:00:00 AM,W/C MANQIN 9781490-DLANC-US BANK PYMT CYCLE 07/23/13 - 08/21/13,Treasury-city Of Los Angelectionss (us Bank),Operations,P-Card Purchases,$2128.36
2014,471028,Downtown LA,07/11/2013 12:00:00 AM,DLANC-SPrintingng Arts Tower-11/12/2012,Sprintingng Arts Tower Inc,Outreach,Elections,$50.00
2014,471027,Eagle Rock,07/11/2013 12:00:00 AM,"ERNC-ADM-J.CLARKE-06/08/13,06/22/13-CUST#00950101",Howroyd Wright Employment Agency Inc (apple One),Operations,Temporary Administrative Staff,$184.80
2014,471027,Eagle Rock,08/05/2013 12:00:00 AM,W/C MANQIN 9781490-ERNC-US BANK PYMT CYCLE 06/22/13 - 07/22/13,Treasury-city Of Los Angelectionss (us Bank),Operations,P-Card Purchases,$25.00
2014,471027,Eagle Rock,08/23/2013 12:00:00 AM,ERNC-REIMB.-M.NOGUEIRA FOR MAINTENANCE OF PO BOX,Michael Nogueira,Operations,Facilities,$86.00
2014,471027,Eagle Rock,08/27/2013 12:00:00 AM,ERNC-Temporary StaffP SERVICES W/E 7/6/13-J.CLARKE,Howroyd Wright Employment Agency Inc (apple One),Operations,Temporary Administrative Staff,$161.70
2014,471027,Eagle Rock,08/30/2013 12:00:00 AM,W/C MANQIN 9781490-ERNC-US BANK PYMT CYCLE 07/23/13 - 08/21/13,Treasury-city Of Los Angelectionss (us Bank),Operations,P-Card Purchases,$985.00
2014,471027,Eagle Rock,10/01/2013 12:00:00 AM,ERNC-Temporary StaffP SERV. W/E 8/10-8/17/13- J. CLARKE &7/20/13 M. ROBINSON,Howroyd Wright Employment Agency Inc (apple One),Operations,Temporary Administrative Staff,$307.92
2014,471054,Elysian Valley Riverside,08/05/2013 12:00:00 AM,W/C MANQIN 9781490-EVRNC-US BANK PYMT CYCLE 06/22/13 - 07/22/13,Treasury-city Of Los Angelectionss (us Bank),Operations,P-Card Purchases,$58.06
2014,471054,Elysian Valley Riverside,08/30/2013 12:00:00 AM,W/C MANQIN 9781490-EVRNC-US BANK PYMT CYCLE 07/23/13 - 08/21/13,Treasury-city Of Los Angelectionss (us Bank),Operations,P-Card Purchases,$71.16
2013,471054,Elysian Valley Riverside,08/07/2013 12:00:00 AM,EVRNC-ELYSIAN VALLEY REC CENTER 2 INV. #2,Department Of Recreation And Parks,Outreach,Facilities,$255.00
2013,471054,Elysian Valley Riverside,08/07/2013 12:00:00 AM,EVRNC-ELYSIAN VALLEY REC CENTER 2 INV. 1678,Department Of Recreation And Parks,Outreach,Facilities,$500.00
2014,471017,Empowerment Congress Central,08/30/2013 12:00:00 AM,W/C MANQIN 9781490-ECCANDC-US BANK PYMT CYCLE 07/23/13 - 08/21/13,Treasury-city Of Los Angelectionss (us Bank),Operations,P-Card Purchases,$1155.72
2014,471017,Empowerment Congress Central,07/12/2013 12:00:00 AM,ECCANDC-Fine for illegal signs- Inv# 20130002347,Not Entered,Outreach,Elections,$312.95
2013,471020,Empowerment Congress North,08/07/2013 12:00:00 AM,ECNANDC-COMMUNITY LIGHTING ACCT#742749316322-5/1/2013-5/31/2013,Department Of Water And Power,Operations,Utilities,$33.00
2013,471020,Empowerment Congress North,08/07/2013 12:00:00 AM,ECNANDC-COMMUNITY LIGHTING ACCT#742749-316746-5/1/2013-5/31/2013,Department Of Water And Power,Operations,Utilities,$41.50
2013,471020,Empowerment Congress North,08/07/2013 12:00:00 AM,ECNANDC-COMMUNITY LIGHTING ACCT#742749-316319-5/1/2013-5/31/2013,Department Of Water And Power,Operations,Utilities,$16.50
2013,471020,Empowerment Congress North,08/07/2013 12:00:00 AM,ECNANDC-COMMUNITY LIGHTING ACCT#742749-316314-5/1/2013-5/31/2013,Department Of Water And Power,Operations,Utilities,$16.50
2013,471020,Empowerment Congress North,08/07/2013 12:00:00 AM,ECNANDC-COMMUNITY LIGHTING ACCT#742749-316321-5/1/2013-5/31/2013,Department Of Water And Power,Operations,Utilities,$16.50
2013,471020,Empowerment Congress North,08/07/2013 12:00:00 AM,ECNANDC-COMMUNITY LIGHTING ACCT#742749-316323-5/1/2013-5/31/2013,Department Of Water And Power,Operations,Utilities,$20.75
2014,471020,Empowerment Congress North,08/30/2013 12:00:00 AM,W/C MANQIN 9781490-ECNANDC-US BANK PYMT CYCLE 07/23/13 - 08/21/13,Treasury-city Of Los Angelectionss (us Bank),Operations,P-Card Purchases,$832.60
2014,471020,Empowerment Congress North,09/06/2013 12:00:00 AM,ESNANDC-DWP-lighting 5/31/13-7/1/13-2201 Juliet ST- ACCT#742749-316746,Not Entered,Operations,Utilities,$41.50
2014,471020,Empowerment Congress North,09/06/2013 12:00:00 AM,"ESNANDC-DWP-lighting 5/29/13-6/27/13-3880 S Western Ave, CA90062- ACCT#742749-316735",Not Entered,Operations,Utilities,$58.00
2014,471020,Empowerment Congress North,09/06/2013 12:00:00 AM,"ESNANDC-DWP-lighting 4/29/13-6/27/13-3890 S Hobart Blvd, CA90062- ACCT#742749-346679",Not Entered,Operations,Utilities,$33.00
2014,471020,Empowerment Congress North,09/06/2013 12:00:00 AM,"ESNANDC-DWP-lighting 4/29/13-6/27/13-3828 S Hobart Blvd, CA90062- ACCT#742749-346678",Not Entered,Operations,Utilities,$32.00
2014,471020,Empowerment Congress North,09/06/2013 12:00:00 AM,"ESNANDC-DWP-lighting 5/31/13-7/1/13-1419 W29th ST, CA90007- ACCT#742749-316319",Not Entered,Operations,Utilities,$16.50
2014,471020,Empowerment Congress North,09/06/2013 12:00:00 AM,"ESNANDC-DWP-lighting 5/31/13-7/1/13-2900 S Catalina ST, CA90007- ACCT#742749-316314",Not Entered,Operations,Utilities,$16.50
2014,471020,Empowerment Congress North,09/06/2013 12:00:00 AM,"ESNANDC-DWP-lighting 5/31/13-7/1/13-2630 S Budlong Ave, CA90007- ACCT#742749-316321",Not Entered,Operations,Utilities,$16.50
2014,471020,Empowerment Congress North,09/06/2013 12:00:00 AM,"ESNANDC-DWP-lighting 5/31/13-7/1/13-2911 S Budlong Ave, CA90007- ACCT#742749-316322",Not Entered,Operations,Utilities,$33.00
2014,471020,Empowerment Congress North,09/06/2013 12:00:00 AM,"ESNANDC-DWP-lighting 5/31/13-7/1/13-3119 S Budlong Ave, CA90007- ACCT#742749-316323",Not Entered,Operations,Utilities,$20.75
2014,471020,Empowerment Congress North,09/26/2013 12:00:00 AM,ECNANDC-DWP-07/29/13-08/27/2013-ACCT#742749-316735,Department Of Water And Power,Operations,Utilities,$0.00
2014,471020,Empowerment Congress North,09/26/2013 12:00:00 AM,ECNANDC-DWP-07/29/13-08/27/2013-ACCT#742749-316679,Department Of Water And Power,Operations,Utilities,$0.00
2014,471020,Empowerment Congress North,09/26/2013 12:00:00 AM,ECNANDC-DWP-07/29/13-08/27/2013-ACCT#742749-316678,Department Of Water And Power,Operations,Utilities,$0.00
2014,471020,Empowerment Congress North,09/26/2013 12:00:00 AM,ECNANDC-DWP-07/29/13-08/27/2013-ACCT#742749-316323,Department Of Water And Power,Operations,Utilities,$0.00
2014,471020,Empowerment Congress North,09/26/2013 12:00:00 AM,ECNANDC-DWP-07/29/13-08/27/2013-ACCT#742749-316322,Department Of Water And Power,Operations,Utilities,$0.00
2014,471020,Empowerment Congress North,09/26/2013 12:00:00 AM,ECNANDC-DWP-07/29/13-08/27/2013-ACCT#742749-316314,Department Of Water And Power,Operations,Utilities,$0.00
2014,471020,Empowerment Congress North,09/26/2013 12:00:00 AM,ECNANDC-DWP-07/29/13-08/27/2013-ACCT#742749-316319,Department Of Water And Power,Operations,Utilities,$0.00
2014,471020,Empowerment Congress North,09/26/2013 12:00:00 AM,ECNANDC-DWP-07/29/13-08/27/2013-ACCT#742749-316321,Department Of Water And Power,Operations,Utilities,$0.00
2014,471020,Empowerment Congress North,09/26/2013 12:00:00 AM,ECNANDC-DWP-07/29/13-08/27/2013-ACCT#742749-316746,Department Of Water And Power,Operations,Utilities,$0.00
2014,471020,Empowerment Congress North,08/19/2013 12:00:00 AM,ECNANDC-YelbaCastellon-03/29/13,Yelba Castellon,Outreach,Events,$280.00
2014,471020,Empowerment Congress North,09/26/2013 12:00:00 AM,ECNANDC-DWP-07/29/13-08/27/2013-ACCT#742749-316735,Department Of Water And Power,Outreach,Utilities,$58.00
2014,471020,Empowerment Congress North,09/26/2013 12:00:00 AM,ECNANDC-DWP-07/29/13-08/27/2013-ACCT#742749-316679,Department Of Water And Power,Outreach,Utilities,$33.00
2014,471020,Empowerment Congress North,09/26/2013 12:00:00 AM,ECNANDC-DWP-07/29/13-08/27/2013-ACCT#742749-316678,Department Of Water And Power,Outreach,Utilities,$32.00
2014,471020,Empowerment Congress North,09/26/2013 12:00:00 AM,ECNANDC-DWP-07/29/13-08/27/2013-ACCT#742749-316323,Department Of Water And Power,Outreach,Utilities,$20.75
2014,471020,Empowerment Congress North,09/26/2013 12:00:00 AM,ECNANDC-DWP-07/29/13-08/27/2013-ACCT#742749-316322,Department Of Water And Power,Outreach,Utilities,$33.00
2014,471020,Empowerment Congress North,09/26/2013 12:00:00 AM,ECNANDC-DWP-07/29/13-08/27/2013-ACCT#742749-316314,Department Of Water And Power,Outreach,Utilities,$16.50
2014,471020,Empowerment Congress North,09/26/2013 12:00:00 AM,ECNANDC-DWP-07/29/13-08/27/2013-ACCT#742749-316319,Department Of Water And Power,Outreach,Utilities,$41.50
2014,471020,Empowerment Congress North,09/26/2013 12:00:00 AM,ECNANDC-DWP-07/29/13-08/27/2013-ACCT#742749-316321,Department Of Water And Power,Outreach,Utilities,$16.50
2014,471020,Empowerment Congress North,09/26/2013 12:00:00 AM,ECNANDC-DWP-07/29/13-08/27/2013-ACCT#742749-316746,Department Of Water And Power,Outreach,Utilities,$16.50
2014,471019,Empowerment Congress Southeast,07/25/2013 12:00:00 AM,ECommunity ServiceANDC-NPG-THE ASSIST THOSE WHO HAVE FALLEN ON HARD TIMES,Helping Our People Excel For Life Foundation /c,Neighborhood Purpose Grants,Non Profit,$1000.00
2014,471019,Empowerment Congress Southeast,08/05/2013 12:00:00 AM,ECommunity ServiceANDC-SouthEastAreaBusinessBooster-07/25/13,Southeast Area Booster,Neighborhood Purpose Grants,Non Profit,$1000.00
2014,471019,Empowerment Congress Southeast,07/10/2013 12:00:00 AM,W/C MANQIN 9781490-ECommunity ServiceANDC-US BANK PYMT CYCLE 05/22/13 - 06/21/13,Treasury-city Of Los Angelectionss (us Bank),Operations,P-Card Purchases,$649.76
2014,471019,Empowerment Congress Southeast,07/11/2013 12:00:00 AM,ECommunity ServiceANC-ADM-A.TOBIAS-06/01/13-06/15/13-CUST#00950101,Howroyd Wright Employment Agency Inc (apple One),Operations,Temporary Administrative Staff,$479.49
2014,471019,Empowerment Congress Southeast,08/05/2013 12:00:00 AM,W/C MANQIN 9781490-ECommunity ServiceANDC-US BANK PYMT CYCLE 06/22/13 - 07/22/13,Treasury-city Of Los Angelectionss (us Bank),Operations,P-Card Purchases,$571.52
2014,471019,Empowerment Congress Southeast,08/27/2013 12:00:00 AM,ECommunity ServiceANDC-Temporary StaffP SERV. W/E 6/8/13-7/27/13-A.TOBIAS,Howroyd Wright Employment Agency Inc (apple One),Operations,Temporary Administrative Staff,$695.97
2014,471019,Empowerment Congress Southeast,08/30/2013 12:00:00 AM,W/C MANQIN 9781490-ECommunity ServiceANDC-US BANK PYMT CYCLE 07/23/13 - 08/21/13,Treasury-city Of Los Angelectionss (us Bank),Operations,P-Card Purchases,$447.13
2014,471018,Empowerment Congress Southwest,09/20/2013 12:00:00 AM,ECSWANDC-NPG-EDUCATION N DIALOGUE FOR YOUTH & YOUNG ADULTS,D.r.e.a.m. Girls Inc,Neighborhood Purpose Grants,Non Profit,$500.00
2014,471018,Empowerment Congress Southwest,07/10/2013 12:00:00 AM,W/C MANQIN 9781490-ECSWANDC-US BANK PYMT CYCLE 05/22/13 - 06/21/13,Treasury-city Of Los Angelectionss (us Bank),Operations,P-Card Purchases,$1454.62
2014,471018,Empowerment Congress Southwest,08/05/2013 12:00:00 AM,W/C MANQIN 9781490-ECSWANDC-US BANK PYMT CYCLE 06/22/13 - 07/22/13,Treasury-city Of Los Angelectionss (us Bank),Operations,P-Card Purchases,$15.00
2014,471018,Empowerment Congress Southwest,08/30/2013 12:00:00 AM,W/C MANQIN 9781490-ECSWANDC-US BANK PYMT CYCLE 07/23/13 - 08/21/13,Treasury-city Of Los Angelectionss (us Bank),Operations,P-Card Purchases,$1060.63
2014,471021,Empowerment Congress West,08/05/2013 12:00:00 AM,W/C MANQIN 9781490-ECWANDC-US BANK PYMT CYCLE 06/22/13 - 07/22/13,Treasury-city Of Los Angelectionss (us Bank),Operations,P-Card Purchases,$2443.24
2014,471021,Empowerment Congress West,08/05/2013 12:00:00 AM,HGNNC-Los Angeles Unified School DistrictSD-07/27/13,Los Angelectionss Unified School District,Operations,Facilities,$161.47
2014,471021,Empowerment Congress West,08/30/2013 12:00:00 AM,W/C MANQIN 9781490-ECWANDC-US BANK PYMT CYCLE 07/23/13 - 08/21/13,Treasury-city Of Los Angelectionss (us Bank),Operations,P-Card Purchases,$412.92
2014,471060,Encino,07/10/2013 12:00:00 AM,W/C MANQIN 9781490-ENC-US BANK PYMT CYCLE 05/22/13 - 06/21/13,Treasury-city Of Los Angelectionss (us Bank),Operations,P-Card Purchases,$7944.62
2014,471060,Encino,07/11/2013 12:00:00 AM,ENC-ADM-T. HOULBERG-05/25/13-06/22/13-CUST#00950101,Howroyd Wright Employment Agency Inc (apple One),Operations,Temporary Administrative Staff,$1192.46
2014,471060,Encino,08/05/2013 12:00:00 AM,W/C MANQIN 9781490-ENC-US BANK PYMT CYCLE 06/22/13 - 07/22/13,Treasury-city Of Los Angelectionss (us Bank),Operations,P-Card Purchases,$437.99
2014,471060,Encino,08/23/2013 12:00:00 AM,ENC-Temporary StaffP SERV.-W/E 6/29/13-7/20/13 T. HOULBERG,Howroyd Wright Employment Agency Inc (apple One),Operations,Temporary Administrative Staff,$794.98
2014,471060,Encino,08/30/2013 12:00:00 AM,W/C MANQIN 9781490-ENC-US BANK PYMT CYCLE 07/23/13 - 08/21/13,Treasury-city Of Los Angelectionss (us Bank),Operations,P-Card Purchases,$1411.58
2012,471060,Encino,07/17/2013 12:00:00 AM,ENC-Aol Advertisments (outreach)ertising-Advertisments (outreach) in the Websitesite for Electionsction 2012,Aol Advertisments (outreach)ertising Inc,Outreach,Elections,$459.19
2012,471060,Encino,07/17/2013 12:00:00 AM,ENC-Aol Advertisments (outreach)ertising-Advertisments (outreach) in the Websitesite for Electionsction 2012,Not Entered,,,$0.00
2014,471078,Foothill Trails District,08/19/2013 12:00:00 AM,FTDNC-NPG-HELP FUNDING OF RIDING PROGRAM,Special Spirit Inc,Neighborhood Purpose Grants,Non Profit,$1440.00
2014,471078,Foothill Trails District,08/29/2013 12:00:00 AM,FTDNC-NPG-ANNUAL EventsNTS TO RAISE FUNDS FOR LOCAL CHARITIES,Ride For A Cure /c,Neighborhood Purpose Grants,Non Profit,$828.00
2014,471078,Foothill Trails District,08/05/2013 12:00:00 AM,W/C MANQIN 9781490-FTDNC-US BANK PYMT CYCLE 06/22/13 - 07/22/13,Treasury-city Of Los Angelectionss (us Bank),Operations,P-Card Purchases,$135.17
2014,471078,Foothill Trails District,08/30/2013 12:00:00 AM,W/C MANQIN 9781490-FTDNC-US BANK PYMT CYCLE 07/23/13 - 08/21/13,Treasury-city Of Los Angelectionss (us Bank),Operations,P-Card Purchases,$799.29
2014,471003,Glassell Park,07/11/2013 12:00:00 AM,GPNC-ADM-B.GLOVER-06/01/13-CUST#00950101,Howroyd Wright Employment Agency Inc (apple One),Operations,Temporary Administrative Staff,$108.27
2014,471003,Glassell Park,09/13/2013 12:00:00 AM,GPNC-AppleOne-02/16/13-02/23/13,Howroyd Wright Employment Agency Inc (apple One),Operations,Temporary Administrative Staff,$156.39
2013,471004,Granada Hills North,07/10/2013 12:00:00 AM,"GHNNC-LEASE- INV# GHNNC 2013- 11139 WOODLEY AVE, GRANADA HILL",Richard M/roberta M Gelb/ Charles T & Ruth I Gelb,Operations,Facilities,$7224.00
2014,471004,Granada Hills North,07/25/2013 12:00:00 AM,GHNNC-Temporary StaffP D.LEVIN W/E 6/30,Partners In Diversity Inc,Operations,Temporary Administrative Staff,$219.78
2014,471004,Granada Hills North,08/05/2013 12:00:00 AM,W/C MANQIN 9781490-GHNNC-US BANK PYMT CYCLE 06/22/13 - 07/22/13,Treasury-city Of Los Angelectionss (us Bank),Operations,P-Card Purchases,$236.03
2014,471004,Granada Hills North,08/23/2013 12:00:00 AM,GHNNC-Temporary StaffP SERV. W/E 8/4/13-L. LEE,Partners In Diversity Inc,Operations,Temporary Administrative Staff,$207.57
2014,471004,Granada Hills North,08/30/2013 12:00:00 AM,W/C MANQIN 9781490-GHNNC-US BANK PYMT CYCLE 07/23/13 - 08/21/13,Treasury-city Of Los Angelectionss (us Bank),Operations,P-Card Purchases,$556.86
2014,471004,Granada Hills North,09/17/2013 12:00:00 AM,GHNNC-Lease 7/1/13-12/31/13 16275 1/2 San Fernando Miscellanioussion B,Richard M/roberta M Gelb/ Charles T & Ruth I Gelb,Operations,Facilities,$7224.00
2014,471004,Granada Hills North,10/01/2013 12:00:00 AM,GHNNC-Website SITE MAINTENANCE JULY 2013-OCTOBER 2013,Aaron Devandry,Operations,Website,$800.00
2013,471004,Granada Hills North,07/02/2013 12:00:00 AM,GSD -  GRANDA HILLS NC INV#81754 02/20/2013,Department Of General Services,Outreach,Printing,$151.20
2014,471103,Granada Hills South,08/26/2013 12:00:00 AM,GHSNC-FriendsOfGranadaHillsLib-06/30/13,Friends Of The Granada Hills Library,Neighborhood Purpose Grants,Non Profit,$2500.00
2014,471103,Granada Hills South,08/05/2013 12:00:00 AM,W/C MANQIN 9781490-GHSNC-US BANK PYMT CYCLE 06/22/13 - 07/22/13,Treasury-city Of Los Angelectionss (us Bank),Operations,P-Card Purchases,$5.99
2014,471103,Granada Hills South,08/30/2013 12:00:00 AM,W/C MANQIN 9781490-GHSNC-US BANK PYMT CYCLE 07/23/13 - 08/21/13,Treasury-city Of Los Angelectionss (us Bank),Operations,P-Card Purchases,$789.47
2013,471039,Greater Echo Park Elysian,07/03/2013 12:00:00 AM,GEPENC-SPORTS EQUIP. INV# 20520085 & 20520124,Department Of Recreation And Parks,Community Improvement Projects,Community Service,$2000.00
2013,471039,Greater Echo Park Elysian,07/03/2013 12:00:00 AM,GEPENC-SPORTS EQUIP. INV# 20520085 & 20520124,Department Of Recreation And Parks,Community Improvement Projects,Community Service,$0.00
2013,471039,Greater Echo Park Elysian,07/03/2013 12:00:00 AM,GEPENC-BOOKS FOR THE NEW PHILIPPINE HERITAGE COLLECTION,Library Department,Community Improvement Projects,Community Service,$750.00
2014,471039,Greater Echo Park Elysian,07/11/2013 12:00:00 AM,GEPENC-ADM-D.TAZZARE-6/22/2013-CUST#00950101,Howroyd Wright Employment Agency Inc (apple One),Operations,Temporary Administrative Staff,$142.53
2014,471039,Greater Echo Park Elysian,07/22/2013 12:00:00 AM,"GEPENC-REIMERS, BRENDA SUSAN-05/13/13-05/18/13-CUST#00950101",Howroyd Wright Employment Agency Inc (apple One),Operations,Temporary Administrative Staff,$51.98
2014,471039,Greater Echo Park Elysian,07/22/2013 12:00:00 AM,"GEPENC-REIMERS, BRENDA SUSAN-06/17/13-06/22/13-CUST#00950101",Howroyd Wright Employment Agency Inc (apple One),Operations,Temporary Administrative Staff,$40.43
2014,471039,Greater Echo Park Elysian,07/25/2013 12:00:00 AM,GEPENC-WK-05/25/13-06/01/13-P.MCALLISTER/B.REIMERS-ADM-CUST#00950101,Howroyd Wright Employment Agency Inc (apple One),Operations,Temporary Administrative Staff,$586.97
2014,471039,Greater Echo Park Elysian,08/07/2013 12:00:00 AM,GEPENC-US bank Restoration Costs INV# 43090,Bank Of America,Operations,Facilities,$6500.00
2014,471039,Greater Echo Park Elysian,08/29/2013 12:00:00 AM,GEPENC-AppleOne-Temporary StaffP-ADM-D.TAZZARE-W/E-07/13/13,Howroyd Wright Employment Agency Inc (apple One),Operations,Temporary Administrative Staff,$111.65
2014,471039,Greater Echo Park Elysian,08/30/2013 12:00:00 AM,W/C MANQIN 9781490-GEPENC-US BANK PYMT CYCLE 07/23/13 - 08/21/13,Treasury-city Of Los Angelectionss (us Bank),Operations,P-Card Purchases,$105.00
2014,471039,Greater Echo Park Elysian,09/03/2013 12:00:00 AM,GEPENC-AppleOne-B.REIMERS-07/20/13,Howroyd Wright Employment Agency Inc (apple One),Operations,Temporary Administrative Staff,$57.75
2014,471039,Greater Echo Park Elysian,09/03/2013 12:00:00 AM,GEPENC-AppleOne-D.TAZZARE-07/06/13,Howroyd Wright Employment Agency Inc (apple One),Operations,Temporary Administrative Staff,$50.13
2014,471039,Greater Echo Park Elysian,10/01/2013 12:00:00 AM,GEPENC-Temporary StaffP SERV. W/E 7/27-8/3/13-D.TRAZZARE,Howroyd Wright Employment Agency Inc (apple One),Operations,Temporary Administrative Staff,$265.64
2014,471055,Greater Toluca Lake,07/11/2013 12:00:00 AM,GTLNC-AT&T-05/13/2013-06/12/2013,At&t Communications Of Ca Inc,Operations,Office Supplies,$29.20
2014,471055,Greater Toluca Lake,07/11/2013 12:00:00 AM,GTLNC-ADM-D.LEVIN-05/25/13-06/22/13-CUST#00950101,Howroyd Wright Employment Agency Inc (apple One),Operations,Temporary Administrative Staff,$435.60
2014,471055,Greater Toluca Lake,07/25/2013 12:00:00 AM,GTLNC-AT&T-11/13/2012-12/12/2012,At&t Communications Of Ca Inc,Operations,Office Supplies,$29.14
2014,471055,Greater Toluca Lake,07/25/2013 12:00:00 AM,GTLNC-AT&T-12/13/2012-1/12/2013,At&t Communications Of Ca Inc,Operations,Office Supplies,$29.08
2014,471055,Greater Toluca Lake,07/25/2013 12:00:00 AM,GTLNC-AT&T-1/13/2012-2/12/2013,At&t Communications Of Ca Inc,Operations,Office Supplies,$29.26
2014,471055,Greater Toluca Lake,07/26/2013 12:00:00 AM,GTLNC-PHONE BILL 6/13-7/12/13-ACCT #8187557649898,At&t Communications Of Ca Inc,Operations,Utilities,$29.40
2014,471055,Greater Toluca Lake,08/30/2013 12:00:00 AM,W/C MANQIN 9781490-GTLNC-US BANK PYMT CYCLE 07/23/13 - 08/21/13,Treasury-city Of Los Angelectionss (us Bank),Operations,P-Card Purchases,$725.83
2012,471055,Greater Toluca Lake,07/17/2013 12:00:00 AM,GTLNC-Aol Advertisments (outreach)ertising-Advertisments (outreach) in the Websitesite for Electionsction 2012,Aol Advertisments (outreach)ertising Inc,Outreach,Elections,$459.19
2012,471055,Greater Toluca Lake,07/17/2013 12:00:00 AM,GTLNC-Aol Advertisments (outreach)ertising-Advertisments (outreach) in the Websitesite for Electionsction 2012,Not Entered,,,$0.00
2014,471053,Greater Valley Glen,08/05/2013 12:00:00 AM,W/C MANQIN 9781490-GVGNC-US BANK PYMT CYCLE 06/22/13 - 07/22/13,Treasury-city Of Los Angelectionss (us Bank),Operations,P-Card Purchases,$466.40
2014,471053,Greater Valley Glen,08/30/2013 12:00:00 AM,W/C MANQIN 9781490-GVGNC-US BANK PYMT CYCLE 07/23/13 - 08/21/13,Treasury-city Of Los Angelectionss (us Bank),Operations,P-Card Purchases,$675.47
2014,471095,Greater Wilshire,07/11/2013 12:00:00 AM,GWNC-LLOYD STAFFING-04/08/2013-04/14/2013,Lloyd Staffing,Operations,Temporary Administrative Staff,$180.18
2014,471095,Greater Wilshire,07/17/2013 12:00:00 AM,GWNC-Temporary StaffP D.LEVIN W/E 6/30,Lloyd Staffing,Operations,Temporary Administrative Staff,$180.18
2014,471095,Greater Wilshire,07/26/2013 12:00:00 AM,GWNC- D. LEVIN-W/E07/14/13,Lloyd Staffing,Operations,Temporary Administrative Staff,$167.31
2014,471095,Greater Wilshire,08/21/2013 12:00:00 AM,GWNC-LLOYD STAFFING-06/09/2013-06/16/2013,Lloyd Staffing,Operations,Temporary Administrative Staff,$115.83
2014,471095,Greater Wilshire,08/21/2013 12:00:00 AM,GWNC-LLOYD STAFFING-05/05/2013-05/12/2013,Lloyd Staffing,Operations,Temporary Administrative Staff,$160.88
2014,471095,Greater Wilshire,08/30/2013 12:00:00 AM,W/C MANQIN 9781490-GWNC-US BANK PYMT CYCLE 07/23/13 - 08/21/13,Treasury-city Of Los Angelectionss (us Bank),Operations,P-Card Purchases,$57.23
2014,471095,Greater Wilshire,09/17/2013 12:00:00 AM,GWNC-Temporary StaffP W/E 8/18-D.LEVIN CLIENT #11174-100,Lloyd Staffing,Operations,Temporary Administrative Staff,$128.69
2014,471095,Greater Wilshire,09/20/2013 12:00:00 AM,GWNC-MONTHLY ADS FOR 7/2013,Larchmont Chronicle Inc,Operations,Advertisements (outreach),$340.00
2014,471095,Greater Wilshire,09/20/2013 12:00:00 AM,GWNC-MONTHLY ADS FOR 8/2013,Larchmont Chronicle Inc,Operations,Advertisements (outreach),$340.00
2014,471095,Greater Wilshire,09/20/2013 12:00:00 AM,GWNC-MONTHLY ADS FOR 9/2013,Larchmont Chronicle Inc,Operations,Advertisements (outreach),$340.00
2014,471024,Harbor City,07/26/2013 12:00:00 AM,HRCNC-MONTHLY MedianIAN CLEAN UP JULY 2013,Bennett Enterprintingses /c,Community Improvement Projects,Median,$283.00
2014,471024,Harbor City,08/07/2013 12:00:00 AM,HRCNC-MONTHLY CLEAN UP FOR AUGUST 2013,Bennett Enterprintingses /c,Community Improvement Projects,Median,$283.00
2014,471024,Harbor City,08/07/2013 12:00:00 AM,HRCNC-MONTHLY CLEAN UP FOR MAY 2013,Bennett Enterprintingses /c,Community Improvement Projects,Median,$283.00
2014,471024,Harbor City,07/10/2013 12:00:00 AM,W/C MANQIN 9781490-HRCNC-US BANK PYMT CYCLE 05/22/13 - 06/21/13,Treasury-city Of Los Angelectionss (us Bank),Operations,P-Card Purchases,$2390.21
2014,471024,Harbor City,08/05/2013 12:00:00 AM,W/C MANQIN 9781490-HRCNC-US BANK PYMT CYCLE 06/22/13 - 07/22/13,Treasury-city Of Los Angelectionss (us Bank),Operations,P-Card Purchases,$11.25
2014,471024,Harbor City,08/15/2013 12:00:00 AM,HRCNC-Security 7/17/13 INV#68071713,Library Department,Operations,Facilities,$216.00
2014,471024,Harbor City,08/15/2013 12:00:00 AM,HRCNC-Security 7/17/13 INV#68071713,Library Department,Operations,Meeting,$0.00
2014,471024,Harbor City,08/30/2013 12:00:00 AM,W/C MANQIN 9781490-HRCNC-US BANK PYMT CYCLE 07/23/13 - 08/21/13,Treasury-city Of Los Angelectionss (us Bank),Operations,P-Card Purchases,$169.00
2014,471065,Harbor Gateway North,07/26/2013 12:00:00 AM,HGNNC-PHONE BILL 6/13-7/12/13-ACCT #3105389654833,At&t Communications Of Ca Inc,Operations,Utilities,$102.83
2014,471065,Harbor Gateway North,08/05/2013 12:00:00 AM,W/C MANQIN 9781490-HGNNC-US BANK PYMT CYCLE 06/22/13 - 07/22/13,Treasury-city Of Los Angelectionss (us Bank),Operations,P-Card Purchases,$2460.60
2014,471065,Harbor Gateway North,08/05/2013 12:00:00 AM,HGNNC-Los Angeles Unified School DistrictSD-07/09/2013-08/22/2013,Los Angelectionss Unified School District,Operations,Facilities,$589.48
2014,471065,Harbor Gateway North,08/05/2013 12:00:00 AM,HGNNC-WK-04/06/13-V.MARTIN-ADM-CUST#00950101,Howroyd Wright Employment Agency Inc (apple One),Operations,Temporary Administrative Staff,$435.60
2014,471065,Harbor Gateway North,08/07/2013 12:00:00 AM,HGNNC-TRANSLATION FOR MTG 7/23/13,Continental Interpreting Services Inc,Operations,Translations,$225.00
2014,471065,Harbor Gateway North,08/19/2013 12:00:00 AM,RICOH AMERICAS CORPORATION,Ricoh Americas Corporation,Operations,Office Supplies,$0.00
2014,471065,Harbor Gateway North,08/23/2013 12:00:00 AM,RICOH AMERICAS CORPORATION,Ricoh Americas Corporation,Operations,Office Supplies,$44.70
2014,471065,Harbor Gateway North,08/23/2013 12:00:00 AM,RICOH AMERICAS CORPORATION,Ricoh Americas Corporation,Operations,Office Supplies,$0.00
2014,471065,Harbor Gateway North,08/28/2013 12:00:00 AM,RICOH AMERICAS CORPORATION,Ricoh Americas Corporation,Operations,Office Supplies,$0.00
2014,471065,Harbor Gateway North,08/30/2013 12:00:00 AM,W/C MANQIN 9781490-HGNNC-US BANK PYMT CYCLE 07/23/13 - 08/21/13,Treasury-city Of Los Angelectionss (us Bank),Operations,P-Card Purchases,$1758.03
2014,471065,Harbor Gateway North,09/03/2013 12:00:00 AM,HGNNC-PHONE SERV. 7/13-8/12/13- ACCT# 3105389654833,At&t Communications Of Ca Inc,Operations,Utilities,$97.94
2014,471065,Harbor Gateway North,09/03/2013 12:00:00 AM,HGNNC-AppleOne-V. MARTIN-04/13/13-4/27/13,Howroyd Wright Employment Agency Inc (apple One),Operations,Temporary Administrative Staff,$1306.80
2014,471080,Harbor Gateway South,08/05/2013 12:00:00 AM,W/C MANQIN 9781490-HGSNC-US BANK PYMT CYCLE 06/22/13 - 07/22/13,Treasury-city Of Los Angelectionss (us Bank),Operations,P-Card Purchases,$87.94
2014,471080,Harbor Gateway South,08/30/2013 12:00:00 AM,W/C MANQIN 9781490-HGSNC-US BANK PYMT CYCLE 07/23/13 - 08/21/13,Treasury-city Of Los Angelectionss (us Bank),Operations,P-Card Purchases,$140.00
2014,471044,Historic Highland Park,07/22/2013 12:00:00 AM,HHPNC-TRANSLATION FOR MTG 6/06/13,Continental Interpreting Services Inc,Operations,Translations,$225.00
2014,471044,Historic Highland Park,07/22/2013 12:00:00 AM,HHPNC-TRANSLATION FOR MTG 6/20/13,Continental Interpreting Services Inc,Operations,Translations,$225.00
2014,471044,Historic Highland Park,08/07/2013 12:00:00 AM,HHPNC-TRANSLATION FOR MTG 7/18/13,Continental Interpreting Services Inc,Operations,Translations,$225.00
2014,471029,Hollywood Hills West,07/11/2013 12:00:00 AM,HHWNC-ADM-P.KRAMER -6/29/2013-CUST#00950101,Howroyd Wright Employment Agency Inc (apple One),Operations,Temporary Administrative Staff,$184.80
2014,471029,Hollywood Hills West,07/22/2013 12:00:00 AM,HHWNC-SasNet-5/22/13,Steventsn A Shmerler,Operations,Website,$500.00
2014,471105,Hollywood Studio District,07/11/2013 12:00:00 AM,HSDNC-ADM-B.REIMERS-06/01/13-06/29/2013-CUST#00950101,Howroyd Wright Employment Agency Inc (apple One),Operations,Temporary Administrative Staff,$1995.68
2014,471105,Hollywood Studio District,07/22/2013 12:00:00 AM,HSDNC-TRANSLATION FOR MTG 6/11/13,Continental Interpreting Services Inc,Operations,Translations,$225.00
2014,471105,Hollywood Studio District,07/25/2013 12:00:00 AM,HSDNC-TRANSLATION FOR MTG 7/16/13,Continental Interpreting Services Inc,Operations,Translations,$275.00
2014,471105,Hollywood Studio District,08/27/2013 12:00:00 AM,HSDNC-Temporary StaffP W/E 76/13-7/13/13 S.B. REIMERS & H.SEMERDJIAN,Howroyd Wright Employment Agency Inc (apple One),Operations,Temporary Administrative Staff,$333.30
2014,471105,Hollywood Studio District,09/03/2013 12:00:00 AM,HSDNC-AppleOne-G.LEVIN-04/28/12,Howroyd Wright Employment Agency Inc (apple One),Operations,Temporary Administrative Staff,$272.28
2014,471070,Hollywood United,08/14/2013 12:00:00 AM,HUNC-NPG-CONTINUATION OF THE GRIFFITH PARK NATURAL HISTORY,Friends Of Griffith Park,Neighborhood Purpose Grants,Non Profit,$5000.00
2014,471070,Hollywood United,08/30/2013 12:00:00 AM,W/C MANQIN 9781490-HUNC-US BANK PYMT CYCLE 07/23/13 - 08/21/13,Treasury-city Of Los Angelectionss (us Bank),Operations,P-Card Purchases,$225.30
2014,471047,LA 32,10/01/2013 12:00:00 AM,LA32NC-Website MAINTENANCE- AUGUST 2013,Aaron Devandry,Operations,Website,$250.00
2014,471047,LA 32,10/01/2013 12:00:00 AM,LA32NC-Website MAINTENANCE- JULY 2013,Aaron Devandry,Operations,Website,$250.00
2014,471047,LA 32,10/01/2013 12:00:00 AM,LA32NC-Website MAINTENANCE- JUNE 2013,Aaron Devandry,Operations,Website,$250.00
2013,471047,LA 32,08/07/2013 12:00:00 AM,LA32NC-Rose Hill Recreation Ctr INV#123,Department Of Recreation And Parks,Outreach,Community Service,$0.00
2013,471047,LA 32,08/07/2013 12:00:00 AM,LA32NC-Rose Hill Recreation Ctr INV#123,Department Of Recreation And Parks,Outreach,Events,$2000.00
2014,471047,LA 32,08/07/2013 12:00:00 AM,LA32NC-AD FOR KITE FESTIVAL 4/21/13,"Brooklyn & Boyle, Ltd.",Outreach,Advertisements (outreach),$75.00
2014,471097,Lake Balboa,08/05/2013 12:00:00 AM,W/C MANQIN 9781490-LBNC-US BANK PYMT CYCLE 06/22/13 - 07/22/13,Treasury-city Of Los Angelectionss (us Bank),Operations,P-Card Purchases,$33.52
2014,471097,Lake Balboa,08/30/2013 12:00:00 AM,W/C MANQIN 9781490-LBNC-US BANK PYMT CYCLE 07/23/13 - 08/21/13,Treasury-city Of Los Angelectionss (us Bank),Operations,P-Card Purchases,$248.75
2014,471097,Lake Balboa,09/17/2013 12:00:00 AM,LBNC-AaronDevandry-04/01/13,Aaron Devandry,Operations,Website,$434.85
2014,471097,Lake Balboa,10/01/2013 12:00:00 AM,LBNC-PHONE BILL FOR 9/1-9/30/13 CUST. #3214430,At&t Communications Of Ca Inc,Operations,Utilities,$16.30
2014,471097,Lake Balboa,08/07/2013 12:00:00 AM,LBNC-NEWSLETTER FOR 7/2013,The Walking Man Inc,Outreach,Advertisements (outreach),$1477.50
2014,471097,Lake Balboa,08/23/2013 12:00:00 AM,LBNC-NEWSLETTER FOR 8/2013,The Walking Man Inc,Outreach,Advertisements (outreach),$1477.50
2014,471041,Lincoln Heights,07/26/2013 12:00:00 AM,LHNC-PHONE BILL 6/13-7/12/13-ACCT #C602222113777,At&t Communications Of Ca Inc,Operations,Utilities,$16.73
2014,471041,Lincoln Heights,08/30/2013 12:00:00 AM,W/C MANQIN 9781490-LHNC-US BANK PYMT CYCLE 07/23/13 - 08/21/13,Treasury-city Of Los Angelectionss (us Bank),Operations,P-Card Purchases,$188.54
2014,471041,Lincoln Heights,09/03/2013 12:00:00 AM,LHNC-AT&T-04/13/2008-05/12/2008,At&t Communications Of Ca Inc,Operations,Office Supplies,$28.76
2014,471049,Los Feliz,07/10/2013 12:00:00 AM,W/C MANQIN 9781490-GGPNC-US BANK PYMT CYCLE 05/22/13 - 06/21/13,Treasury-city Of Los Angelectionss (us Bank),Operations,P-Card Purchases,$1924.82
2014,471049,Los Feliz,08/05/2013 12:00:00 AM,W/C MANQIN 9781490-GGPNC-US BANK PYMT CYCLE 06/22/13 - 07/22/13,Treasury-city Of Los Angelectionss (us Bank),Operations,P-Card Purchases,$91.92
2014,471084,MacArthur Park,07/17/2013 12:00:00 AM,MPNC-TRANSLATION FOR MTG 7/1/13,Continental Interpreting Services Inc,Operations,Translations,$225.00
2014,471084,MacArthur Park,07/22/2013 12:00:00 AM,MPNC-TRANSLATION FOR MTG 6/17/13,Continental Interpreting Services Inc,Operations,Translations,$225.00
2014,471084,MacArthur Park,07/25/2013 12:00:00 AM,MPNC-TRANSLATION FOR MTG 7/15/13,Continental Interpreting Services Inc,Operations,Translations,$275.00
2014,471050,Mar Vista,08/29/2013 12:00:00 AM,MVCC-ZainoTennisCourts-05/09/13,Zaino Tennis Courts Inc,Community Improvement Projects,Beautification Projects,$3656.00
2014,471050,Mar Vista,08/30/2013 12:00:00 AM,W/C MANQIN 9781490-MVCC-US BANK PYMT CYCLE 07/23/13 - 08/21/13,Treasury-city Of Los Angelectionss (us Bank),Operations,P-Card Purchases,$956.25
2014,471010,Mid City,08/05/2013 12:00:00 AM,W/C MANQIN 9781490-MINC-US BANK PYMT CYCLE 06/22/13 - 07/22/13,Treasury-city Of Los Angelectionss (us Bank),Operations,P-Card Purchases,$151.76
2014,471010,Mid City,08/30/2013 12:00:00 AM,W/C MANQIN 9781490-MINC-US BANK PYMT CYCLE 07/23/13 - 08/21/13,Treasury-city Of Los Angelectionss (us Bank),Operations,P-Card Purchases,$166.94
2014,471034,Mid City West,07/11/2013 12:00:00 AM,MCWCC-ADM-R.ADAMS-06/01/13-06/29/13-CUST#00950101,Howroyd Wright Employment Agency Inc (apple One),Operations,Temporary Administrative Staff,$1039.83
2014,471034,Mid City West,07/26/2013 12:00:00 AM,MCWCC-PHONE BILL 6/13-7/12/13-ACCT #3236513512548,At&t Communications Of Ca Inc,Operations,Utilities,$89.02
2014,471034,Mid City West,08/05/2013 12:00:00 AM,W/C MANQIN 9781490-MCWCC-US BANK PYMT CYCLE 06/22/13 - 07/22/13,Treasury-city Of Los Angelectionss (us Bank),Operations,P-Card Purchases,$52.32
2014,471034,Mid City West,08/14/2013 12:00:00 AM,MCWCC-AT&T-05/13/2011-06/12/2011,At&t Communications Of Ca Inc,Operations,Office Supplies,$90.71
2014,471034,Mid City West,08/23/2013 12:00:00 AM,MCWCC-Temporary StaffP. SERVICES-W/E  7/6/13-7/27/13-R. ADAMS,Howroyd Wright Employment Agency Inc (apple One),Operations,Temporary Administrative Staff,$809.82
2014,471034,Mid City West,08/30/2013 12:00:00 AM,W/C MANQIN 9781490-MCWCC-US BANK PYMT CYCLE 07/23/13 - 08/21/13,Treasury-city Of Los Angelectionss (us Bank),Operations,P-Card Purchases,$12.95
2014,471058,Mid-Town North Hollywood,07/10/2013 12:00:00 AM,W/C MANQIN 9781490-MTNHNC-US BANK PYMT CYCLE 05/22/13 - 06/21/13,Treasury-city Of Los Angelectionss (us Bank),Operations,P-Card Purchases,$1448.26
2014,471058,Mid-Town North Hollywood,07/11/2013 12:00:00 AM,"MTNHNC-ADM-M.SHUMAKER-06/01/13,06/15/13-CUST#00950101",Howroyd Wright Employment Agency Inc (apple One),Operations,Temporary Administrative Staff,$277.20
2014,471058,Mid-Town North Hollywood,08/23/2013 12:00:00 AM,MTNHNC-AppleOne-ADM-M.SHUMAKER W/E-04/13/13,Howroyd Wright Employment Agency Inc (apple One),Operations,Temporary Staff,$138.60
2014,471058,Mid-Town North Hollywood,08/30/2013 12:00:00 AM,W/C MANQIN 9781490-MTNHNC-US BANK PYMT CYCLE 07/23/13 - 08/21/13,Treasury-city Of Los Angelectionss (us Bank),Operations,P-Card Purchases,$604.89
2014,471101,Miscellanioussion Hills,07/25/2013 12:00:00 AM,MHNC-Temporary StaffP W/E 7/7 D.LEVIN,Partners In Diversity Inc,Operations,Temporary Administrative Staff,$158.72
2014,471101,Miscellanioussion Hills,08/30/2013 12:00:00 AM,W/C MANQIN 9781490-MHNC-US BANK PYMT CYCLE 07/23/13 - 08/21/13,Treasury-city Of Los Angelectionss (us Bank),Operations,P-Card Purchases,$558.49
2014,471101,Miscellanioussion Hills,10/01/2013 12:00:00 AM,MHNC-Website SITE MAINTENANCE JULY 2013-SEPTemporary StaffBER 2013,Aaron Devandry,Operations,Website,$746.85
2014,471112,North Hills East,07/17/2013 12:00:00 AM,NHENC-TRANSLATION FOR MTG 7/8/13,Continental Interpreting Services Inc,Operations,Translations,$275.00
2014,471112,North Hills East,07/22/2013 12:00:00 AM,NHENC-TRANSLATION FOR MTG 6/03/13,Continental Interpreting Services Inc,Operations,Translations,$275.00
2014,471112,North Hills East,07/22/2013 12:00:00 AM,NHENC-TRANSLATION FOR MTG 6/17/13,Continental Interpreting Services Inc,Operations,Translations,$275.00
2014,471112,North Hills East,08/07/2013 12:00:00 AM,NHENC-TRANSLATION FOR MTG 7/18/13,Continental Interpreting Services Inc,Operations,Translations,$275.00
2014,471112,North Hills East,07/12/2013 12:00:00 AM,NHENC-CIVILITY POSTER-INV#81425,Not Entered,Outreach,Advertisements (outreach),$228.95
2014,471112,North Hills East,09/17/2013 12:00:00 AM,NHENC-REIMB-O.DIAZ CLEAN UP ON 2/9/13,"Diaz, Olivia",Outreach,Events,$357.59
2014,471076,North Hills West,08/27/2013 12:00:00 AM,NHWNC-Temporary StaffP. SERVICES-W/E  6/8/13-7/27/13-D.WAGGER,Howroyd Wright Employment Agency Inc (apple One),Operations,Temporary Administrative Staff,$57.75
2014,471076,North Hills West,08/30/2013 12:00:00 AM,W/C MANQIN 9781490-NHWNC-US BANK PYMT CYCLE 07/23/13 - 08/21/13,Treasury-city Of Los Angelectionss (us Bank),Operations,P-Card Purchases,$204.00
2014,471076,North Hills West,09/03/2013 12:00:00 AM,NHWNC-REIMB Office SuppliesICE SUPPLIES-D. FRANCISCO,Debra Francisco,Operations,Office Supplies,$244.38
2014,471057,North Hollywood Northeast,08/05/2013 12:00:00 AM,W/C MANQIN 9781490-NHNENC-US BANK PYMT CYCLE 06/22/13 - 07/22/13,Treasury-city Of Los Angelectionss (us Bank),Operations,P-Card Purchases,$1392.08
2014,471057,North Hollywood Northeast,08/30/2013 12:00:00 AM,W/C MANQIN 9781490-NHNENC-US BANK PYMT CYCLE 07/23/13 - 08/21/13,Treasury-city Of Los Angelectionss (us Bank),Operations,P-Card Purchases,$2621.78
2014,471113,North Hollywood West,08/05/2013 12:00:00 AM,W/C MANQIN 9781490-NHWDWNC-US BANK PYMT CYCLE 06/22/13 - 07/22/13,Treasury-city Of Los Angelectionss (us Bank),Operations,P-Card Purchases,$345.20
2014,471113,North Hollywood West,08/30/2013 12:00:00 AM,W/C MANQIN 9781490-NHWDWNC-US BANK PYMT CYCLE 07/23/13 - 08/21/13,Treasury-city Of Los Angelectionss (us Bank),Operations,P-Card Purchases,$163.41
2014,471113,North Hollywood West,08/23/2013 12:00:00 AM,NOHOWNC-REIMB. CAROL ROSE-SUPPLIES FOR OUTREACH ON 6/15/13,Carol Rose,Outreach,Events,$40.33
2014,471099,Northridge East,08/23/2013 12:00:00 AM,NENC-AssistancElectionsagueSouthern California-04/30/13,Assistance League Of Southern California /c,Neighborhood Purpose Grants,Non Profit,$500.00
2014,471099,Northridge East,08/05/2013 12:00:00 AM,W/C MANQIN 9781490-NENC-US BANK PYMT CYCLE 06/22/13 - 07/22/13,Treasury-city Of Los Angelectionss (us Bank),Operations,P-Card Purchases,$206.30
2014,471099,Northridge East,08/23/2013 12:00:00 AM,NENC-Temporary StaffP SERVICES-W/E 6/29/13- B. GLOVER,Howroyd Wright Employment Agency Inc (apple One),Operations,Temporary Administrative Staff,$103.95
2014,471099,Northridge East,08/26/2013 12:00:00 AM,NENC-AppleOne-Temporary StaffP-ADM-G.WENGLIN-W/E-04/28/12,Howroyd Wright Employment Agency Inc (apple One),Operations,Temporary Staff,$24.06
2014,471099,Northridge East,08/30/2013 12:00:00 AM,W/C MANQIN 9781490-NENC-US BANK PYMT CYCLE 07/23/13 - 08/21/13,Treasury-city Of Los Angelectionss (us Bank),Operations,P-Card Purchases,$666.66
2014,471099,Northridge East,10/01/2013 12:00:00 AM,NENC-Website SITE MAINTENANCE JULY 2013- SEPTemporary StaffBER 2013,Aaron Devandry,Operations,Website,$300.00
2014,471111,Northridge South,08/05/2013 12:00:00 AM,W/C MANQIN 9781490-NSNC-US BANK PYMT CYCLE 06/22/13 - 07/22/13,Treasury-city Of Los Angelectionss (us Bank),Operations,P-Card Purchases,$675.00
2014,471111,Northridge South,08/30/2013 12:00:00 AM,W/C MANQIN 9781490-NSNC-US BANK PYMT CYCLE 07/23/13 - 08/21/13,Treasury-city Of Los Angelectionss (us Bank),Operations,P-Card Purchases,$1204.85
2014,471098,Northridge West,08/26/2013 12:00:00 AM,NWNC-REIM-DarrellGriffin-01/24/13,Darrell Griffin,Operations,Miscellaneous,$7.40
2014,471098,Northridge West,08/26/2013 12:00:00 AM,NWNC-REIM-DarrellGriffin-02/25/13,Darrell Griffin,Operations,Miscellaneous,$27.42
2014,471098,Northridge West,08/26/2013 12:00:00 AM,NWNC-REIM-DarrellGriffin-04/15/13,Darrell Griffin,Operations,Miscellaneous,$17.02
2014,471098,Northridge West,08/30/2013 12:00:00 AM,W/C MANQIN 9781490-NWNC-US BANK PYMT CYCLE 07/23/13 - 08/21/13,Treasury-city Of Los Angelectionss (us Bank),Operations,P-Card Purchases,$2075.19
2014,471098,Northridge West,10/01/2013 12:00:00 AM,NWNC-Website SITE MAINTENANCE JULY 2013- SEPTemporary StaffBER 2013,Aaron Devandry,Operations,Website,$600.00
2014,471012,Northwest San Pedro,07/22/2013 12:00:00 AM,NSPNC-KaizerRangwala-2ndInstallment-04/17/13,Kaizer Rangwala,Operations,Miscellaneous,$2700.00
2014,471012,Northwest San Pedro,08/05/2013 12:00:00 AM,W/C MANQIN 9781490-NSPNC-US BANK PYMT CYCLE 06/22/13 - 07/22/13,Treasury-city Of Los Angelectionss (us Bank),Operations,P-Card Purchases,$94.97
2014,471012,Northwest San Pedro,08/30/2013 12:00:00 AM,W/C MANQIN 9781490-NSPNC-US BANK PYMT CYCLE 07/23/13 - 08/21/13,Treasury-city Of Los Angelectionss (us Bank),Operations,P-Card Purchases,$475.26
2014,471012,Northwest San Pedro,09/03/2013 12:00:00 AM,NWSP-EpperhartCommunications-03/22/13,Douglas J Epperhart,Outreach,Advertisements (outreach),$600.00
2014,471015,Northwest San Pedro,07/10/2013 12:00:00 AM,W/C MANQIN 9781490-VNC-US BANK PYMT CYCLE 05/22/13 - 06/21/13,Treasury-city Of Los Angelectionss (us Bank),Operations,P-Card Purchases,$5623.40
2014,471094,Olympic Park,08/05/2013 12:00:00 AM,W/C MANQIN 9781490-OPNC-US BANK PYMT CYCLE 06/22/13 - 07/22/13,Treasury-city Of Los Angelectionss (us Bank),Operations,P-Card Purchases,$181.10
2014,471094,Olympic Park,08/30/2013 12:00:00 AM,W/C MANQIN 9781490-OPNC-US BANK PYMT CYCLE 07/23/13 - 08/21/13,Treasury-city Of Los Angelectionss (us Bank),Operations,P-Card Purchases,$3358.61
2013,471026,Pacoima,08/07/2013 12:00:00 AM,PACNC-LEASE FROM JAN TO JUNE 2013,Community Deventslopment Department,Operations,Facilities,$900.00
2014,471026,Pacoima,08/20/2013 12:00:00 AM,PACNC-LEASE FROM JULY TO SEPTemporary StaffBER 2013,Community Deventslopment Department,Operations,Facilities,$450.00
2014,471026,Pacoima,08/30/2013 12:00:00 AM,W/C MANQIN 9781490-PACNC-US BANK PYMT CYCLE 07/23/13 - 08/21/13,Treasury-city Of Los Angelectionss (us Bank),Operations,P-Card Purchases,$87.57
2014,471026,Pacoima,10/01/2013 12:00:00 AM,PACNC-Website SITE MAINTENANCE MAY 2013-OCTOBER 2013,Aaron Devandry,Operations,Website,$800.00
2014,471026,Pacoima,10/04/2013 12:00:00 AM,PACNC-LEASE FROM OCT TO DECEMBER 2013,Community Deventslopment Department,Operations,Facilities,$450.00
2014,471100,Palms,09/20/2013 12:00:00 AM,PALMSNC-REIM-Nial Manmenamin-02/21/13,Niall Macmenamin,Community Improvement Projects,Beautification Projects,$280.32
2014,471100,Palms,09/06/2013 12:00:00 AM,PALMSNC-FriendsofPalmMiddle-6/30/14,Friends Of Palms Middle School,Neighborhood Purpose Grants,Non Profit,$2000.00
2014,471100,Palms,09/06/2013 12:00:00 AM,PALMSNC-CharnockRoadElectionsm-06/01/14,Los Angelectionss Unified School District,Neighborhood Purpose Grants,Los Angeles Unified School District,$4000.00
2014,471100,Palms,07/11/2013 12:00:00 AM,PALMSNC-ADM-D.LEVIN-6/8/2013-CUST#00950101,Howroyd Wright Employment Agency Inc (apple One),Operations,Temporary Administrative Staff,$150.15
2014,471100,Palms,08/05/2013 12:00:00 AM,W/C MANQIN 9781490-PALMSNC-US BANK PYMT CYCLE 06/22/13 - 07/22/13,Treasury-city Of Los Angelectionss (us Bank),Operations,P-Card Purchases,$35.00
2014,471100,Palms,08/01/2013 12:00:00 AM,PALMSNC-Hillcrest Party Rentals- 05/18/2013,Dorothy Levinson/marilyn San Shuck,Outreach,Events,$1319.74
2014,471106,Panorama City,08/05/2013 12:00:00 AM,W/C MANQIN 9781490-PCNC-US BANK PYMT CYCLE 06/22/13 - 07/22/13,Treasury-city Of Los Angelectionss (us Bank),Operations,P-Card Purchases,$86.11
2014,471106,Panorama City,08/30/2013 12:00:00 AM,W/C MANQIN 9781490-PCNC-US BANK PYMT CYCLE 07/23/13 - 08/21/13,Treasury-city Of Los Angelectionss (us Bank),Operations,P-Card Purchases,$408.87
2014,471037,Park Mesa Heights,08/05/2013 12:00:00 AM,W/C MANQIN 9781490-PMHCC-US BANK PYMT CYCLE 06/22/13 - 07/22/13,Treasury-city Of Los Angelectionss (us Bank),Operations,P-Card Purchases,$595.91
2014,471037,Park Mesa Heights,08/30/2013 12:00:00 AM,W/C MANQIN 9781490-PMHCC-US BANK PYMT CYCLE 07/23/13 - 08/21/13,Treasury-city Of Los Angelectionss (us Bank),Operations,P-Card Purchases,$2009.79
2014,471037,Park Mesa Heights,09/17/2013 12:00:00 AM,PMHCC-REIMB. FOR FOOD & REFRESHMENTS FOR MTG ON 6/11/13,Kim C Moore,Operations,Meeting,$42.79
2014,471037,Park Mesa Heights,10/01/2013 12:00:00 AM,PMHCC-REIMB. FOR K. ALALIM-4 POSTAGE FOR LETTERS TO PUBLIC Office SuppliesICIALS,Kahllid A Alalim,Outreach,Community Service,$57.76
2014,471042,PICO,09/17/2013 12:00:00 AM,PICONC-NPG-SUPPORT THE ANNUAL LITTLE ETHIOPIA CULTURAL FAIR,Community Partners,Neighborhood Purpose Grants,Non Profit,$2000.00
2014,471042,PICO,08/28/2013 12:00:00 AM,RICOH AMERICAS CORPORATION,Ricoh Americas Corporation,Operations,Office Supplies,$0.00
2014,471042,PICO,09/03/2013 12:00:00 AM,PICONC-AppleOne-M.ROBINSON-07/13/13-7/20/13,Howroyd Wright Employment Agency Inc (apple One),Operations,Temporary Administrative Staff,$234.01
2014,471087,Pico Union,07/10/2013 12:00:00 AM,W/C MANQIN 9781490-PUNC-US BANK PYMT CYCLE 05/22/13 - 06/21/13,Treasury-city Of Los Angelectionss (us Bank),Operations,P-Card Purchases,$3476.87
2014,471087,Pico Union,07/11/2013 12:00:00 AM,PUNC-ADM-C.CRUZ-05/25/13-06/15/2013-CUST#00950101,Howroyd Wright Employment Agency Inc (apple One),Operations,Temporary Administrative Staff,$1753.29
2014,471087,Pico Union,07/15/2013 12:00:00 AM,PUNC-WK-4/27/13-5/18/2013-C. CRUZ-ADM-CUST#00950101,Howroyd Wright Employment Agency Inc (apple One),Operations,Temporary Administrative Staff,$1709.73
2014,471087,Pico Union,07/17/2013 12:00:00 AM,PUNC-TRANSLATION FOR MTG 7/1/13,Continental Interpreting Services Inc,Operations,Translations,$275.00
2014,471087,Pico Union,08/05/2013 12:00:00 AM,W/C MANQIN 9781490-PUNC-US BANK PYMT CYCLE 06/22/13 - 07/22/13,Treasury-city Of Los Angelectionss (us Bank),Operations,P-Card Purchases,$96.66
2014,471090,Porter Ranch,07/11/2013 12:00:00 AM,PRNC-ADM-D.LEVIN-06/08/13-06/15/13-CUST#00950101,Howroyd Wright Employment Agency Inc (apple One),Operations,Temporary Administrative Staff,$340.73
2014,471090,Porter Ranch,08/23/2013 12:00:00 AM,PRNC-Temporary StaffP SERVICES-W/E 7/13/13-D. LEVIN,Howroyd Wright Employment Agency Inc (apple One),Operations,Temporary Administrative Staff,$225.23
2014,471090,Porter Ranch,08/30/2013 12:00:00 AM,W/C MANQIN 9781490-PRNC-US BANK PYMT CYCLE 07/23/13 - 08/21/13,Treasury-city Of Los Angelectionss (us Bank),Operations,P-Card Purchases,$580.16
2014,471090,Porter Ranch,10/02/2013 12:00:00 AM,PRNC-REIMB. FOR B. LEventsQUE- 4 PIZZAS FOR MTG ON 7/9/13,Becky Leventsque,Outreach,Meeting,$186.60
2014,471108,Rampart Village,08/05/2013 12:00:00 AM,W/C MANQIN 9781490-RVNC-US BANK PYMT CYCLE 06/22/13 - 07/22/13,Treasury-city Of Los Angelectionss (us Bank),Operations,P-Card Purchases,$4009.78
2014,471108,Rampart Village,08/26/2013 12:00:00 AM,RVNC-AppleOne-A.PRUITT-07/31/13,Howroyd Wright Employment Agency Inc (apple One),Operations,Temporary Administrative Staff,$658.35
2014,471108,Rampart Village,08/30/2013 12:00:00 AM,W/C MANQIN 9781490-RVNC-US BANK PYMT CYCLE 07/23/13 - 08/21/13,Treasury-city Of Los Angelectionss (us Bank),Operations,P-Card Purchases,$1282.85
2014,471108,Rampart Village,09/03/2013 12:00:00 AM,RVNC-AppleOne-ADM-A.PRUITT W/E 06/22/13,Howroyd Wright Employment Agency Inc (apple One),Operations,Temporary Administrative Staff,$69.30
2014,471062,Reseda,07/10/2013 12:00:00 AM,W/C MANQIN 9781490-RNC-US BANK PYMT CYCLE 05/22/13 - 06/21/13,Treasury-city Of Los Angelectionss (us Bank),Operations,P-Card Purchases,$2378.56
2014,471062,Reseda,08/05/2013 12:00:00 AM,W/C MANQIN 9781490-RNC-US BANK PYMT CYCLE 06/22/13 - 07/22/13,Treasury-city Of Los Angelectionss (us Bank),Operations,P-Card Purchases,$138.97
2014,471062,Reseda,08/23/2013 12:00:00 AM,RNC-WebsiteSITE MAINTENANCE 7/2013,Kristine C Cherry,Operations,Website,$160.00
2014,471062,Reseda,08/30/2013 12:00:00 AM,W/C MANQIN 9781490-RNC-US BANK PYMT CYCLE 07/23/13 - 08/21/13,Treasury-city Of Los Angelectionss (us Bank),Operations,P-Card Purchases,$640.58
2014,471062,Reseda,09/17/2013 12:00:00 AM,RNC-STORAGE OF SUPPLIES & EQUIPMENT 6/6/13-8/1/13,Thomas B Ballard Et Al,Operations,Facilities,$394.99
2014,471062,Reseda,07/17/2013 12:00:00 AM,RNC-ProductionDudes-05/10/13-REMAINING BALANCE,Manuel R Gutilitieserrez,Outreach,Events,$5500.00
2014,471065,Reseda,07/17/2013 12:00:00 AM,HGNNC-NPG-SCHOOL SUPPLIES FOR GIVE AWAY 8/5/13,Southeast Area Booster,Neighborhood Purpose Grants,Non Profit,$1065.00
2014,471071,Sherman Oaks,07/11/2013 12:00:00 AM,SONC-LLOYD STAFFING-04/8/2013-04/14/2013,Lloyd Staffing,Operations,Temporary Administrative Staff,$142.56
2014,471071,Sherman Oaks,07/11/2013 12:00:00 AM,SONC-LLOYD STAFFING-04/01/2013-04/07/2013,Lloyd Staffing,Operations,Temporary Administrative Staff,$95.04
2014,471071,Sherman Oaks,07/22/2013 12:00:00 AM,SONC-Temporary StaffP R.STERN W/E 7/7/2013,Lloyd Staffing,Operations,Temporary Administrative Staff,$59.40
2014,471071,Sherman Oaks,07/26/2013 12:00:00 AM,SONC-Temporary StaffP R.STERN W/E 7/14/13,Lloyd Staffing,Operations,Temporary Administrative Staff,$142.56
2014,471071,Sherman Oaks,07/26/2013 12:00:00 AM,SONC-Temporary StaffP R.STERN W/E-06/23/13,Lloyd Staffing,Operations,Temporary Administrative Staff,$71.28
2014,471071,Sherman Oaks,07/26/2013 12:00:00 AM,SONC-Temporary StaffP R.STERN W/E-06/30/13,Lloyd Staffing,Operations,Temporary Administrative Staff,$59.40
2014,471071,Sherman Oaks,07/26/2013 12:00:00 AM,SONC-Temporary StaffP R.STERN W/E-06/16/13,Lloyd Staffing,Operations,Temporary Administrative Staff,$59.40
2014,471071,Sherman Oaks,08/05/2013 12:00:00 AM,W/C MANQIN 9781490-SONC-US BANK PYMT CYCLE 06/22/13 - 07/22/13,Treasury-city Of Los Angelectionss (us Bank),Operations,P-Card Purchases,$5.67
2014,471071,Sherman Oaks,08/05/2013 12:00:00 AM,SONC-Temporary StaffP R.STERN W/E 7/21/13,Lloyd Staffing,Operations,Temporary Administrative Staff,$142.56
2014,471071,Sherman Oaks,08/30/2013 12:00:00 AM,W/C MANQIN 9781490-SONC-US BANK PYMT CYCLE 07/23/13 - 08/21/13,Treasury-city Of Los Angelectionss (us Bank),Operations,P-Card Purchases,$97.74
2014,471071,Sherman Oaks,09/17/2013 12:00:00 AM,SONC-MTG SPACE FOR 9/9/13 & 10/14/13,Los Angelectionss Unified School District,Operations,Facilities,$259.48
2012,471071,Sherman Oaks,07/17/2013 12:00:00 AM,SONC-Aol Advertisments (outreach)ertising-Advertisments (outreach) in the Websitesite for Electionsction 2012,Aol Advertisments (outreach)ertising Inc,Outreach,Elections,$459.20
2014,471071,Sherman Oaks,10/01/2013 12:00:00 AM,"SONC- 4 PAYMENT FOR CANOPY, TABLE & CHAIRS AT ANNUAL ST FAIR",Greater Sherman Oaks Chamber Of Commerce,Outreach,Events,$400.00
2012,471071,Sherman Oaks,07/17/2013 12:00:00 AM,SONC-Aol Advertisments (outreach)ertising-Advertisments (outreach) in the Websitesite for Electionsction 2012,Not Entered,,,$0.00
2013,471075,Silver Lake,07/25/2013 12:00:00 AM,SLNC-NPG-MAITENANCE OF PUBLIC WALKWAYS SUNSET BL & SILVER LAKE BLVD,Silver Lake Community Improvement Projects Association,Neighborhood Purpose Grants,Non Profit,$1000.00
2013,471075,Silver Lake,08/02/2013 12:00:00 AM,"Adj DEX 0036 from BFY2013 to BFY2014,  SLNC-NPG- Maintenance of public walk way",Silver Lake Community Improvement Projects Association,Neighborhood Purpose Grants,Non Profit,$-1000.00
2014,471075,Silver Lake,07/25/2013 12:00:00 AM,SLNC-NPGS-MAITENANCE OF MEDIANS & GREEN SPACE @ SILVER LAKE AND THE 101 FWY,Silver Lake Community Improvement Projects Association,Neighborhood Purpose Grants,Non Profit,$1000.00
2014,471075,Silver Lake,08/02/2013 12:00:00 AM,"Adj DEX 0036 from BFY2013 to BFY2014,  SLNC-NPG- Maintenance of public walk way",Silver Lake Community Improvement Projects Association,Neighborhood Purpose Grants,Non Profit,$1000.00
2014,471075,Silver Lake,07/11/2013 12:00:00 AM,SLNC-ADM-B.REIMERS/D.TAZZARE-06/01/13-06/15/13-CUST#00950101,Howroyd Wright Employment Agency Inc (apple One),Operations,Temporary Administrative Staff,$367.68
2014,471075,Silver Lake,08/05/2013 12:00:00 AM,W/C MANQIN 9781490-SLNC-US BANK PYMT CYCLE 06/22/13 - 07/22/13,Treasury-city Of Los Angelectionss (us Bank),Operations,P-Card Purchases,$580.00
2014,471075,Silver Lake,08/19/2013 12:00:00 AM,SLNC-AppleOne-Temporary StaffP-ADM-D.TRAZZARE-W/E02/02/13,Howroyd Wright Employment Agency Inc (apple One),Operations,Temporary Staff,$169.32
2014,471075,Silver Lake,08/27/2013 12:00:00 AM,SLNC-Temporary StaffP SERVICES-W/E 7/6/13 & 7/20/13-D.TRAZZARE,Howroyd Wright Employment Agency Inc (apple One),Operations,Temporary Administrative Staff,$288.75
2014,471075,Silver Lake,08/30/2013 12:00:00 AM,W/C MANQIN 9781490-SLNC-US BANK PYMT CYCLE 07/23/13 - 08/21/13,Treasury-city Of Los Angelectionss (us Bank),Operations,P-Card Purchases,$150.02
2014,471075,Silver Lake,08/05/2013 12:00:00 AM,SLNC-SilverlakeCommunity Improvement ProjectsAssoc-05/08/13,Silver Lake Community Improvement Projects Association,Outreach,Events,$500.00
2014,471085,South Central,07/10/2013 12:00:00 AM,W/C MANQIN 9781490-SECNC-US BANK PYMT CYCLE 05/22/13 - 06/21/13,Treasury-city Of Los Angelectionss (us Bank),Operations,P-Card Purchases,$2893.47
2014,471085,South Central,08/30/2013 12:00:00 AM,W/C MANQIN 9781490-SECNC-US BANK PYMT CYCLE 07/23/13 - 08/21/13,Treasury-city Of Los Angelectionss (us Bank),Operations,P-Card Purchases,$140.00
2014,471046,South Robertson,08/05/2013 12:00:00 AM,W/C MANQIN 9781490-SRNC-US BANK PYMT CYCLE 06/22/13 - 07/22/13,Treasury-city Of Los Angelectionss (us Bank),Operations,P-Card Purchases,$12.95
2014,471046,South Robertson,08/30/2013 12:00:00 AM,W/C MANQIN 9781490-SRNC-US BANK PYMT CYCLE 07/23/13 - 08/21/13,Treasury-city Of Los Angelectionss (us Bank),Operations,P-Card Purchases,$278.30
2013,471046,South Robertson,08/02/2013 12:00:00 AM,SRNC-Business cards for Board members-INV#81389,Department Of General Services,Outreach,Advertisements (outreach),$603.00
2014,471061,Studio City,07/24/2013 12:00:00 AM,STCNC-Landsco-02/11/13,Gary A Peterson,Community Improvement Projects,Beautification Projects,$1415.00
2014,471061,Studio City,08/05/2013 12:00:00 AM,W/C MANQIN 9781490-STCNC-US BANK PYMT CYCLE 06/22/13 - 07/22/13,Treasury-city Of Los Angelectionss (us Bank),Operations,P-Card Purchases,$270.18
2014,471061,Studio City,08/30/2013 12:00:00 AM,W/C MANQIN 9781490-STCNC-US BANK PYMT CYCLE 07/23/13 - 08/21/13,Treasury-city Of Los Angelectionss (us Bank),Operations,P-Card Purchases,$1349.38
2014,471061,Studio City,10/01/2013 12:00:00 AM,STCNC-Website SITE MAINTENANCE JULY 2013-SEPTemporary StaffBER 2013,Aaron Devandry,Operations,Website,$1045.00
2014,471061,Studio City,08/23/2013 12:00:00 AM,STCNC-Aol Advertisments (outreach)ertising Inc-09/01/2012-09/20/2012,Aol Advertisments (outreach)ertising Inc,Outreach,Elections,$459.19
2014,471025,Sun Valley Area,08/19/2013 12:00:00 AM,RICOH AMERICAS CORPORATION,Ricoh Americas Corporation,Operations,Office Supplies,$0.00
2014,471025,Sun Valley Area,08/23/2013 12:00:00 AM,RICOH AMERICAS CORPORATION,Ricoh Americas Corporation,Operations,Office Supplies,$41.20
2014,471025,Sun Valley Area,08/23/2013 12:00:00 AM,RICOH AMERICAS CORPORATION,Ricoh Americas Corporation,Operations,Office Supplies,$0.00
2014,471025,Sun Valley Area,08/30/2013 12:00:00 AM,W/C MANQIN 9781490-SVANC-US BANK PYMT CYCLE 07/23/13 - 08/21/13,Treasury-city Of Los Angelectionss (us Bank),Operations,P-Card Purchases,$61.61
2014,471025,Sun Valley Area,08/08/2013 12:00:00 AM,SVANC-TRANSLATION 4 MTG 3/18/2013,Delia Torres,Outreach,Translations,$215.00
2014,471025,Sun Valley Area,08/08/2013 12:00:00 AM,SVANC-TRANSLATION 4 MTG 4/11/13,Delia Torres,Outreach,Translations,$215.00
2014,471025,Sun Valley Area,08/08/2013 12:00:00 AM,SVANC-MINUTETAKING-03/18/13,Delia Torres,Outreach,Temporary Administrative Staff,$230.00
2014,471025,Sun Valley Area,08/08/2013 12:00:00 AM,SVANC-MINUTETAKING-04/11/13,Delia Torres,Outreach,Temporary Administrative Staff,$230.00
2014,471025,Sun Valley Area,08/08/2013 12:00:00 AM,SVANC-MINUTETAKING-05/16/13,Delia Torres,Outreach,Temporary Administrative Staff,$230.00
2014,471025,Sun Valley Area,08/08/2013 12:00:00 AM,SVANC-MINUTETAKING-06/15/13,Delia Torres,Outreach,Temporary Administrative Staff,$230.00
2014,471025,Sun Valley Area,08/08/2013 12:00:00 AM,SVANC-TRANSLATION-06/15/13,Delia Torres,Outreach,Translations,$215.00
2014,471025,Sun Valley Area,08/08/2013 12:00:00 AM,SVANC-TRANSLATION-05/16/13,Delia Torres,Outreach,Translations,$215.00
2014,471082,Sunland-Tujunga,07/11/2013 12:00:00 AM,STNC-ADM-P.KRAMER/E.ROCK-06/01/13-06/29/13-CUST#00950101,Howroyd Wright Employment Agency Inc (apple One),Operations,Temporary Administrative Staff,$1862.52
2014,471082,Sunland-Tujunga,08/05/2013 12:00:00 AM,W/C MANQIN 9781490-STNC-US BANK PYMT CYCLE 06/22/13 - 07/22/13,Treasury-city Of Los Angelectionss (us Bank),Operations,P-Card Purchases,$208.47
2014,471082,Sunland-Tujunga,08/23/2013 12:00:00 AM,STNC-Temporary StaffP W/E 76/13-7/27/13 E. ROCK & P. KRAMER,Howroyd Wright Employment Agency Inc (apple One),Operations,Temporary Administrative Staff,$1427.58
2014,471082,Sunland-Tujunga,08/30/2013 12:00:00 AM,W/C MANQIN 9781490-STNC-US BANK PYMT CYCLE 07/23/13 - 08/21/13,Treasury-city Of Los Angelectionss (us Bank),Operations,P-Card Purchases,$403.63
2014,471083,Sylmar,07/11/2013 12:00:00 AM,SNC-ADM-D.LEVIN-06/01/13-06/29/13-CUST#00950101,Howroyd Wright Employment Agency Inc (apple One),Operations,Temporary Administrative Staff,$1155.00
2014,471083,Sylmar,08/05/2013 12:00:00 AM,W/C MANQIN 9781490-SNC-US BANK PYMT CYCLE 06/22/13 - 07/22/13,Treasury-city Of Los Angelectionss (us Bank),Operations,P-Card Purchases,$485.93
2014,471083,Sylmar,08/05/2013 12:00:00 AM,SNC-WK-03/02/13-03/30/13-D.LEVIN-ADM-CUST#00950101,Howroyd Wright Employment Agency Inc (apple One),Operations,Temporary Administrative Staff,$1501.50
2014,471083,Sylmar,08/27/2013 12:00:00 AM,SNC-Temporary StaffP SERV W/E.7/6/13-7/27/13-D.LEVIN,Howroyd Wright Employment Agency Inc (apple One),Operations,Temporary Administrative Staff,$924.00
2014,471072,Tarzana,08/23/2013 12:00:00 AM,TNC-Aol Advertisments (outreach)ertising Inc-09/01/2012-09/20/2012,Aol Advertisments (outreach)ertising Inc,Outreach,Elections,$459.19
2014,471036,United Neighborhoods,07/10/2013 12:00:00 AM,W/C MANQIN 9781490-UNNC-US BANK PYMT CYCLE 05/22/13 - 06/21/13,Treasury-city Of Los Angelectionss (us Bank),Operations,P-Card Purchases,$623.35
2014,471036,United Neighborhoods,08/30/2013 12:00:00 AM,W/C MANQIN 9781490-UNNC-US BANK PYMT CYCLE 07/23/13 - 08/21/13,Treasury-city Of Los Angelectionss (us Bank),Operations,P-Card Purchases,$1043.76
2014,471059,Valley Village,08/05/2013 12:00:00 AM,W/C MANQIN 9781490-NCVV-US BANK PYMT CYCLE 06/22/13 - 07/22/13,Treasury-city Of Los Angelectionss (us Bank),Operations,P-Card Purchases,$429.84
2014,471059,Valley Village,08/30/2013 12:00:00 AM,W/C MANQIN 9781490-NCVV-US BANK PYMT CYCLE 07/23/13 - 08/21/13,Treasury-city Of Los Angelectionss (us Bank),Operations,P-Card Purchases,$4577.87
2014,471059,Valley Village,10/01/2013 12:00:00 AM,NCVV-PHONE BILL FOR 9/1-9/30/13 CUST. #3212385,At&t Communications Of Ca Inc,Operations,Utilities,$1.67
2014,471051,Van Nuys,08/05/2013 12:00:00 AM,W/C MANQIN 9781490-VNNC-US BANK PYMT CYCLE 06/22/13 - 07/22/13,Treasury-city Of Los Angelectionss (us Bank),Operations,P-Card Purchases,$164.99
2014,471051,Van Nuys,08/30/2013 12:00:00 AM,W/C MANQIN 9781490-VNNC-US BANK PYMT CYCLE 07/23/13 - 08/21/13,Treasury-city Of Los Angelectionss (us Bank),Operations,P-Card Purchases,$991.28
2014,471015,Venice,08/05/2013 12:00:00 AM,W/C MANQIN 9781490-VNC-US BANK PYMT CYCLE 06/22/13 - 07/22/13,Treasury-city Of Los Angelectionss (us Bank),Operations,P-Card Purchases,$276.31
2014,471015,Venice,08/23/2013 12:00:00 AM,VNC-Temporary StaffP SERVICES-W/E 7/6/13 & 7/20/13,Howroyd Wright Employment Agency Inc (apple One),Operations,Temporary Administrative Staff,$295.50
2014,471015,Venice,08/30/2013 12:00:00 AM,W/C MANQIN 9781490-VNC-US BANK PYMT CYCLE 07/23/13 - 08/21/13,Treasury-city Of Los Angelectionss (us Bank),Operations,P-Card Purchases,$3324.24
2013,471109,Voices of 90037,08/07/2013 12:00:00 AM,V90037-STRAGETIC VIOLENCE REDUCTION PROGRAM 06/30/2013,Office Suppliesice Of The Mayor,Community Improvement Projects,Community Service,$5000.00
2014,471109,Voices of 90037,08/07/2013 12:00:00 AM,V90037-CameronEugeneJacksonsLibrary-08/02/13,Cameron Eugene Jackson Children's Library,Neighborhood Purpose Grants,Non Profit,$5000.00
2014,471109,Voices of 90037,08/26/2013 12:00:00 AM,V9037-NPG-GAND PREventsNTION & EARLY INTER-LAPD 77TH JEOPARDY,California Community Foundation/c,Neighborhood Purpose Grants,Non Profit,$2000.00
2013,471109,Voices of 90037,07/03/2013 12:00:00 AM,"V90037-LEASE- 4060 S FIGUEROA ST, LA- INV# VOICES-2013-14",Los Angelectionss Community Reinvestment Committee /c,Operations,Facilities,$2800.00
2014,471109,Voices of 90037,08/07/2013 12:00:00 AM,V90037-STACIEventsRNon Profit-07/08/13,Stacie Vernon Profit,Operations,Office Supplies,$9.86
2014,471109,Voices of 90037,08/30/2013 12:00:00 AM,W/C MANQIN 9781490-V90037-US BANK PYMT CYCLE 07/23/13 - 08/21/13,Treasury-city Of Los Angelectionss (us Bank),Operations,P-Card Purchases,$369.38
2013,471109,Voices of 90037,07/02/2013 12:00:00 AM,GSD - NC INV#80498 09/28/2012,Department Of General Services,Outreach,Printing,$658.48
2014,471068,Watts,07/26/2013 12:00:00 AM,WATNC-PHONE BILL 6/13-7/12/13-ACCT #3235640260678,At&t Communications Of Ca Inc,Operations,Utilities,$105.20
2014,471068,Watts,09/03/2013 12:00:00 AM,WATNC-PHONE SERV. 7/13-8/12/13- ACCT# 3235640260678,At&t Communications Of Ca Inc,Operations,Utilities,$97.26
2014,471009,West Adams,08/05/2013 12:00:00 AM,W/C MANQIN 9781490-WANC-US BANK PYMT CYCLE 06/22/13 - 07/22/13,Treasury-city Of Los Angelectionss (us Bank),Operations,P-Card Purchases,$80.00
2014,471009,West Adams,08/30/2013 12:00:00 AM,W/C MANQIN 9781490-WANC-US BANK PYMT CYCLE 07/23/13 - 08/21/13,Treasury-city Of Los Angelectionss (us Bank),Operations,P-Card Purchases,$435.44
2014,471007,West Hills,07/11/2013 12:00:00 AM,WHNC-ADM-M.RITCHIE-06/01/2013-06/29/13-CUST#00950101,Howroyd Wright Employment Agency Inc (apple One),Operations,Temporary Administrative Staff,$1987.45
2014,471007,West Hills,08/05/2013 12:00:00 AM,W/C MANQIN 9781490-WHNC-US BANK PYMT CYCLE 06/22/13 - 07/22/13,Treasury-city Of Los Angelectionss (us Bank),Operations,P-Card Purchases,$-5.63
2014,471007,West Hills,08/23/2013 12:00:00 AM,WHNC-Temporary StaffP SERVICES-W/E 7/6/13-7/27/13-M. RITCHIE,Howroyd Wright Employment Agency Inc (apple One),Operations,Temporary Administrative Staff,$1589.96
2014,471007,West Hills,08/30/2013 12:00:00 AM,W/C MANQIN 9781490-WHNC-US BANK PYMT CYCLE 07/23/13 - 08/21/13,Treasury-city Of Los Angelectionss (us Bank),Operations,P-Card Purchases,$36.13
2014,471092,West Los Angeles ,08/05/2013 12:00:00 AM,W/C MANQIN 9781490-WLANC-US BANK PYMT CYCLE 06/22/13 - 07/22/13,Treasury-city Of Los Angelectionss (us Bank),Operations,P-Card Purchases,$70.00
2014,471092,West Los Angeles ,08/27/2013 12:00:00 AM,WLANC-Temporary StaffP SERVICES-W/E 7/6/13 & 7/13/13-M ROBINSON,Howroyd Wright Employment Agency Inc (apple One),Operations,Temporary Administrative Staff,$145.07
2014,471092,West Los Angeles ,08/30/2013 12:00:00 AM,W/C MANQIN 9781490-WLANC-US BANK PYMT CYCLE 07/23/13 - 08/21/13,Treasury-city Of Los Angelectionss (us Bank),Operations,P-Card Purchases,$235.00
2013,471092,West Los Angeles ,07/16/2013 12:00:00 AM,WLANC-Community Concerts and Movies - CO122424,Daniel Meyer,Outreach,Events,$1542.00
2014,471092,West Los Angeles ,07/31/2013 12:00:00 AM,WLANC-Community Concerts and Movies -7/30/13,Daniel Meyer,Outreach,Events,$11562.50
2014,471092,West Los Angeles ,08/29/2013 12:00:00 AM,"WLANC-Summer Outdoor movies and concerts, 7/1/13-6/24/14",Daniel Meyer,Outreach,Events,$6937.50
2013,471005,Westchester-Playa,08/07/2013 12:00:00 AM,NCWPP-MK OVER FOREDUC. MATERIALS TOYS AND CLEANING EQUIPMENT 05/03/2013 - 05/06/2013,Department Of Recreation And Parks,Community Improvement Projects,Community Service,$4967.33
2014,471005,Westchester-Playa,08/05/2013 12:00:00 AM,W/C MANQIN 9781490-NCWP-US BANK PYMT CYCLE 06/22/13 - 07/22/13,Treasury-city Of Los Angelectionss (us Bank),Operations,P-Card Purchases,$30.00
2014,471005,Westchester-Playa,08/30/2013 12:00:00 AM,W/C MANQIN 9781490-NCWP-US BANK PYMT CYCLE 07/23/13 - 08/21/13,Treasury-city Of Los Angelectionss (us Bank),Operations,P-Card Purchases,$33.25
2014,471005,Westchester-Playa,08/26/2013 12:00:00 AM,NCWP-NEWS LETTER FOR JULY 2013,Stephanie E Davis,Outreach,Advertisements (outreach),$875.00
2014,471005,Westchester-Playa,08/26/2013 12:00:00 AM,NCWP-NEWS LETTER FOR AUGUST 2013,Stephanie E Davis,Outreach,Advertisements (outreach),$875.00
2014,471114,Westlake North,07/11/2013 12:00:00 AM,Continental Interpreting-WLKNNC-05/09/2013,Continental Interpreting Services Inc,Operations,Meeting,$275.00
2014,471114,Westlake North,07/15/2013 12:00:00 AM,WLKNNC-WK-11/27/12-11/24/12-D. HURTemporary Administrative StaffO-ADM-CUST#00950101,Howroyd Wright Employment Agency Inc (apple One),Operations,Temporary Administrative Staff,$642.62
2014,471114,Westlake North,07/15/2013 12:00:00 AM,WLKNNC-WK-10/27/12-D. HURTemporary Administrative StaffO-ADM-CUST#00950101,Howroyd Wright Employment Agency Inc (apple One),Operations,Temporary Administrative Staff,$249.90
2014,471114,Westlake North,07/22/2013 12:00:00 AM,WLNNC-TRANSLATION FOR MTG 6/13/13,Continental Interpreting Services Inc,Operations,Translations,$275.00
2014,471114,Westlake North,08/26/2013 12:00:00 AM,WLNC-AppleOne-Temporary StaffP-ADM-D.HURTemporary Administrative StaffO-W/E-10/24/12,Howroyd Wright Employment Agency Inc (apple One),Operations,Temporary Staff,$214.20
2014,471114,Westlake North,10/01/2013 12:00:00 AM,WLKNNC-TRANS. FOR MTG ON 9/12/13,Axiom Translations Llc,Operations,Translations,$325.00
2014,471115,Westlake South,08/05/2013 12:00:00 AM,W/C MANQIN 9781490-WLKSNC-US BANK PYMT CYCLE 06/22/13 - 07/22/13,Treasury-city Of Los Angelectionss (us Bank),Operations,P-Card Purchases,$226.76
2014,471115,Westlake South,08/30/2013 12:00:00 AM,W/C MANQIN 9781490-WLKSNC-US BANK PYMT CYCLE 07/23/13 - 08/21/13,Treasury-city Of Los Angelectionss (us Bank),Operations,P-Card Purchases,$484.81
2014,471008,Westside,07/10/2013 12:00:00 AM,W/C MANQIN 9781490-WSNC-US BANK PYMT CYCLE 05/22/13 - 06/21/13,Treasury-city Of Los Angelectionss (us Bank),Operations,P-Card Purchases,$41.57
2014,471008,Westside,08/05/2013 12:00:00 AM,W/C MANQIN 9781490-WSNC-US BANK PYMT CYCLE 06/22/13 - 07/22/13,Treasury-city Of Los Angelectionss (us Bank),Operations,P-Card Purchases,$38.16
2014,471008,Westside,08/30/2013 12:00:00 AM,W/C MANQIN 9781490-WSNC-US BANK PYMT CYCLE 07/23/13 - 08/21/13,Treasury-city Of Los Angelectionss (us Bank),Operations,P-Card Purchases,$38.10
2014,471008,Westside,08/23/2013 12:00:00 AM,WSNC-TerriTippit-07/21/13,"Tippit, Terri",Outreach,Advertisements (outreach),$305.19
2014,471110,Westwood,08/05/2013 12:00:00 AM,W/C MANQIN 9781490-WWNC-US BANK PYMT CYCLE 06/22/13 - 07/22/13,Treasury-city Of Los Angelectionss (us Bank),Operations,P-Card Purchases,$33.78
2014,471110,Westwood,08/26/2013 12:00:00 AM,WWNC-AppleOne-Temporary StaffP-ADM-D.WAGGER-W/E-07/13/13,Howroyd Wright Employment Agency Inc (apple One),Operations,Temporary Staff,$63.53
2014,471110,Westwood,08/29/2013 12:00:00 AM,WWNC- Website MAINTENANCE FOR 7/20/13-7/20/14,Media81 Group Inc,Operations,Website,$1200.00
2014,471110,Westwood,08/30/2013 12:00:00 AM,W/C MANQIN 9781490-WWNC-US BANK PYMT CYCLE 07/23/13 - 08/21/13,Treasury-city Of Los Angelectionss (us Bank),Operations,P-Card Purchases,$78.14
2014,471110,Westwood,09/17/2013 12:00:00 AM,WWNC-LisaChapman-8/14/13,"Chapman, Lisa",Operations,Facilities,$75.00
2014,471001,Wilmington,07/11/2013 12:00:00 AM,WLMNC-ADM-S. AVILA-06/01/13-06/29/13-CUST#00950101,Howroyd Wright Employment Agency Inc (apple One),Operations,Temporary Administrative Staff,$1329.30
2014,471001,Wilmington,07/25/2013 12:00:00 AM,WLMNC-TRANSLATION FOR MTG 6/26/13,"Paragon Language Services, Inc.",Operations,Translations,$310.00
2014,471001,Wilmington,07/30/2013 12:00:00 AM,WLMNC-AT&T-07/13/13,At&t Communications Of Ca Inc,Operations,Office Supplies,$96.15
2014,471001,Wilmington,08/07/2013 12:00:00 AM,WLMNC-TRANSLATION FOR MTG ON 7/24/13,"Paragon Language Services, Inc.",Operations,Translations,$310.00
2014,471001,Wilmington,08/23/2013 12:00:00 AM,WLMNC-Temporary StaffP SERV.-W/E 7/6/13-7/27/13- S.AVILA,Howroyd Wright Employment Agency Inc (apple One),Operations,Temporary Administrative Staff,$1007.33
2014,471001,Wilmington,08/26/2013 12:00:00 AM,WLMNC-AppleOne-Temporary StaffP-ADM-S.AVILA-W/E-10/27/12,Howroyd Wright Employment Agency Inc (apple One),Operations,Temporary Staff,$86.63
2014,471001,Wilmington,09/03/2013 12:00:00 AM,WLMNC-PHONE SERV. 7/13-8/12/13- ACCT# 3105222013107,At&t Communications Of Ca Inc,Operations,Utilities,$97.03
2014,471001,Wilmington,10/01/2013 12:00:00 AM,WLMNC-TRANSLATION FOR MTG ON 8/28/13,"Paragon Language Services, Inc.",Operations,Translations,$310.00
2014,471088,Winnetka,07/10/2013 12:00:00 AM,W/C MANQIN 9781490-WINNC-US BANK PYMT CYCLE 05/22/13 - 06/21/13,Treasury-city Of Los Angelectionss (us Bank),Operations,P-Card Purchases,$257.25
2014,471023,Woodland Hills-Warner Center,08/05/2013 12:00:00 AM,W/C MANQIN 9781490-WHWCNC-US BANK PYMT CYCLE 06/22/13 - 07/22/13,Treasury-city Of Los Angelectionss (us Bank),Operations,P-Card Purchases,$440.03
2014,471023,Woodland Hills-Warner Center,08/30/2013 12:00:00 AM,W/C MANQIN 9781490-WHWCNC-US BANK PYMT CYCLE 07/23/13 - 08/21/13,Treasury-city Of Los Angelectionss (us Bank),Operations,P-Card Purchases,$3101.52
